Uuid__c,Status_desq__c,Remarks__c
25cb0233-dc76-5210-bb01-6e25469b88b0,Active,"RVR 31-05-2021: Arno Schäfer requested a 5% listprice increase on this product.

28022020 LT Uit JMP iov OPS- product is geen vacatureplaatsing maar kan alleen geboekt worden na de premium plaatsing - is een add-on"
c7fbade7-7faf-5325-8df1-b39a83a935e9,Active,RVR 31-05-2021: Arno Schäfer requested a 5% listprice increase on this product.
c7600ac4-b08e-5a55-a7f3-1cc70c8912d8,Active,RVR 31-05-2021: Arno Schäfer requested a 5% listprice increase on this product.
f108f792-87dc-50bc-9b53-34e554f604b9,Active,RVR 31-05-2021: Arno Schäfer requested a 5% listprice increase on this product.
1aaf31dc-7cb9-53f5-853f-04d3d5b9033f,Active,Blacklisted till new PA
35d64189-d49f-50a7-913e-8aa9e70ef093,Active,29-04-20 SF Blacklisted due to the absence of the PA
122fff14-65e6-5fb5-b454-555c130cb356,Active,"SF 29-04 Blacklisted, because they did not post our job (too niche)"
99ea3228-2790-5215-9c27-b78f6d47735a,Active,"06032020 LT: In tegenstelling tot de standaard posting fee van €15,- is met BNP afgesproken om de prijs van dit product op €0,- te zetten."
71bd7171-1884-5cd8-a27d-72c5061edc91,Active,No RC to be found
d2f31a3e-cc0f-5a03-9f25-83601d868c8c,Active,LT 23-05-2019: Niet in JMP - alleen te boeken voor klant Shell
e03fec7b-c71b-580a-ab56-2a473b7000de,Active,RVR 9-9-2020: Konigsteiner mentioned this job board has been bought by JobsNRW.de and they are going to take down the Jobsniederrhein website soon.
382af82a-7f42-5f32-a866-a79a4e040623,Active,LT 28-06-2019: Factuur in dollars / No RC to be found
29d262b8-799d-50fa-b929-d900fc3b7ce2,Active,No RC to be found
edcb866c-f049-57ef-8ae4-cb68c63746bc,Active,This product will be activated until further notice.
de54a982-1c9c-592a-a33c-2b2f15a58376,Active,"15-03-21 SF: Blacklisted

New active product: https://vonq.lightning.force.com/lightning/r/Product2/01t08000008qhXVAAY/view"
19f0f2ee-3024-5b67-8ed4-f78ed9142a20,Active,"LT 21-06-2019 RC=$199,- Inkoop=$169,15"
fb947f74-b04d-54f6-8346-f198bb816303,Active,October 5 2020: Not selling job ads anymore.
50dd150f-9266-5114-858b-fa1d24c4f9fb,Active,RVR 31-05-2021: Arno Schäfer requested a 5% listprice increase on this product.
484fc8b0-0562-54d2-b271-f627375e2111,Active,11072019 LT: RC = HUF 69900 - Inkoop = HUF 59415
d8435260-ece5-575b-aaa5-a57d9377d7e5,Active,"09072019 LT: RC is INR 5000 en de inkoopprijs INR 4250
EH 25-05-21: Blacklisted as they changed their terms and refuse to post on the old terms. Now they dont want to give discount and require upfront payment."
2377aa4a-fde4-54e1-9ba6-fae666840106,Active,11072019 LT: RC: NOK 9900; inkoopprijs: NOK 8415
07968cda-b912-5493-beac-997490ea0762,Active,Blacklisted: See last conversation with Raman (does not meet requirements)
d45fe2d7-7c19-512f-aac8-c8ec84c71a06,Active,"06032020 LT: In tegenstelling tot de standaard posting fee van €15,- is met BNP afgesproken om de prijs van dit product op €0,- te zetten."
4325ef08-7b20-51e6-a3dd-2a7c399b2dd2,Active,"17-03-21 Blacklist

SF: We buy the same Product via TU  Wien for better conditions: https://vonq.lightning.force.com/lightning/r/Product2/01t080000097UXNAA2/view"
5d0714cb-231f-57cb-beeb-e31c96ecdf24,Active,RVR 26-02-2021: Turns we have a better deal for this product from Königsteiner
841f9698-eaea-5d82-ae04-e3c2d632a8a7,Active,Voorraad is op
91306d64-dc6a-534d-8856-ff9dc8990bdb,Active,Voorraad is op
49245a2a-69b4-518a-b9c3-c6ed3ef9830b,Active,14-01-2020 Vooraad overgezet naar nieuw contract
ae4f3144-a4ad-5dc3-8d60-66095dc7f8b9,Active,Voorraad is op
d508d698-63ce-5c25-88d6-d866eb30b90b,Active,Voorraad is op
9e88e887-1ca8-517b-951b-49a25374171a,Active,Voorraad is op
efd9bf5b-ab5e-58be-bc9b-3c1144ac7a6c,Active,Voorraad is op
cc0ece45-abfa-5019-a8de-e19993c18dea,Active,Voorraad is op
fa6aa823-34be-5fcf-b958-5b4b3284f9e4,Active,Voorraad is op
da427d95-cc1a-56d2-86af-cfb38b71f243,Active,Contract is verlopen
1c02292d-57ab-53ea-aaf3-329b5ef6cf56,Active,Voorraad is overgezet naar nieuw contract
3231dccc-f92d-53c6-ba35-ac3d5344b1fe,Active,Voorraad is op
6beecb17-5ad4-5a8e-9d1a-4b18c057b725,Active,voorraad is op
102b7290-fbf3-5112-b0cc-84ad79bca32c,Active,Contract is verlopen
2d53b2dd-7677-5161-9771-119b095b3e6c,Active,This product stays with Königsteiner.
3c299c52-55c0-504d-b2c5-86afa692ab5e,Active,JDK: 21 DEC 2020: For Programmatic Media Buying via IGB
7bbfb65c-1b4c-537c-94d0-02749c83de7f,Active,Voorraad is op
8d2334f3-0ef9-5d2a-9cb4-d9101b2edad2,Active,27012020 LT: Voorraad is op
49270c95-ff42-566b-bfc4-57f4f8b17aa5,Active,Voorraad is verlopen
5ac2d438-5d36-52f5-a72d-a3d3ed9d0b2a,Active,voorraad is op
8974eeaa-f7e8-571d-b9a0-4a2566ee37b0,Active,Voorraad is op
0637d794-391f-504c-9af5-88a077e997f2,Active,Voorraad in nieuw contract
8b40ab30-40f0-53fe-9e30-609e4297d6a0,Active,voorraad is op
d057f219-76b3-577d-94ed-6638239fedd7,Active,Voorraad is op
1cf73c09-0fbe-50bd-9309-ea15636b6073,Active,"06032020 LT: In tegenstelling tot de standaard posting fee van €15,- is met BNP afgesproken om de prijs van dit product op €0,- te zetten."
f0b071a8-f119-53c9-a6b3-a0be8e170d4e,Active,Blacklist: Voorraad is al gebruikt
59064e77-e121-5b67-aed5-44e99b9b322b,Active,Voorraad is op
b3268282-fd16-5d08-a83c-7a19381a70bf,Active,"17032020 LT: RC $199,-; Purchase Price $169,15"
5e4d90bd-0d69-5537-84ae-304dbb8781f4,Active,"17032020 LT: RC $399,-; Purchase Price $339,15"
1275b9db-8a87-5132-8a5e-cbfa0ba97b93,Active,"17032020 LT: RC=$299,- ; Purchase price $254,15"
8ce6c114-e8fc-52e1-aa58-04a8098cd0c4,Active,"19032020 LT: RC $400,-; Purchase Price $340,-"
02282634-6d05-5894-a496-d2c4527ce0f5,Active,"19032020 LT RC $249,-; Purchase Price: $211,65"
f92e1513-d313-5e7f-980d-ab89b4a4adb8,Active,"19032020 LT RC $210,-; Purchase price $178,50"
876b5767-a573-569a-ab5f-5e8d8fd298cc,Active,"LT 23102019 RC $100, - Purchase: $70,-"
1229021d-448c-5b85-98bb-0c33b8224f92,Active,RVR 18-11-2020: Mariska told me that Jobs in Energy is soon going to quit.
e707a3bd-2b33-5362-8156-fcc6ec38e9d8,Active,"14-01-2021 RVR: ""we will discontinue our mobilitymag.de shortly.
Therefore I ask you to remove the corresponding job offer from your portfolio."""
145185f4-afa4-5656-af5b-816ae3ce4c55,Active,"22062021LR: Decreased budget by 5% (pitstop project)

RVR 31-05-2021: Arno Schäfer requested a 5% listprice increase on this product."
f81a6cfa-4405-59bc-a0de-f04448928202,Active,"LT 21112019 RC: $100,- ; Purchase: $70,-"
37fff292-1770-5866-810a-d7419cbfbf88,Active,"28112019 LT: RC $275,- Purchase $175"
37ab141f-9a01-5aa8-a127-3cd4273cb874,Active,Voorraad is op
fb4d1181-50c0-54a1-876f-e3b4ec1b6ecc,Active,Voorraad is op
1d2db7bb-6d9f-57cb-954c-53a6b4cce290,Active,"09122019 LT RC: $199,- Purchase price $150,-"
e5220cb2-f8bc-5ecc-b4f6-268c098f3587,Active,"09122019 LT RC: $199,- Purchase price $150,-"
db802b79-a7f0-5165-9308-73c2d04e5057,Active,Voorraad is op
a8869e16-4b0a-569a-af80-2727ccdea832,Active,Voorraad is op
9f4dc603-1ac0-579c-b965-b03083f02dc2,Active,21122019: Voorraad is op
4d9caead-03d2-5247-8d40-4d39801b58bd,Active,"Rate card: 300 GBP,"
4d237be5-3b69-556a-b177-bed5c6c78be7,Active,"09122019 LT RC: $199,- Purchase price $150,-"
850b3cc6-2228-53a5-9c46-afecc767e750,Active,"09122019 LT RC: $199,- Purchase price $150,-"
dc79d05c-b334-51eb-89d5-afa9dd6374b7,Active,10122019 LT: Blacklist iov RvR ivm teveel afwijkingen van onze business rules
3e5d05e1-6ab1-5fc3-a409-8845e2ceb739,Active,EH 17-05-21: Supplier has told operations that the site doesnt exist anymore
acae846d-8afa-5b52-ae30-d093de9fa1c0,Active,Wait Until New PA.
dad07a86-cc81-5767-897b-dc02d38a9226,Active,"10122019 LT: RC $195,- Purchase $98,-"
8d2f7c13-fd0d-5172-b009-bd36c5e71c71,Active,"29112019 LT: RC: $149,- Purchase: $55,30"
006ce0f7-842f-5306-813e-d2842ff161f0,Active,"18112019 LT: RC $225,- Purchase: $160,-"
843b3ee6-a396-519e-82cb-1e71c920cc58,Active,"18112019 LT: RC $425,- Purchase: $395,-
Product is niet beschikbaar in het JMP, omdat dit een extra product is."
bbb7e03c-74a9-5059-b68f-1fd38f6ef801,Active,"20032020 LT: RC $299,-; Purchase Price $ 254,15"
817f66d8-3040-5508-91a9-1c9fbb664e1d,Active,"RVR 31-05-2021: Arno Schäfer requested a 5% listprice increase on this product.

100 euro budget to job slot
100 euro budget to sponsored ad"
7bf42afa-74fc-504c-ad45-f07a26b0ebcb,Active,"14022020 ML $99,-; Purchasing price: $84,15"
1898e36d-9ce8-5885-ad5e-936f5cad5dcd,Active,"27-05-2021 Tristan de Kooker: eRecruiter has confirmed if we can reduce the listprice of this product, their salesteam will push it and they will pin those products to the top of their list."
29f5169d-78b3-5f91-b96b-4949127ff0a4,Active,30062020 voorraad is op
703c26b8-a11c-516b-b93b-0a194aa0978c,Active,21-04-21 EH: OPS informed us that the website is currently under construction and thus posting jobs is not possible
bfd54d43-7059-5fef-bfd6-d866e7368a35,Active,RVR 22-06-2021: Blacklisted because Adicio doesnt offer this job board anymore.
7865dc00-9eb5-5a23-a2bd-a8724291ce50,Active,"23032020 LT: RC $200,-; Purchase Price $170,-"
14ca95ec-06b0-5653-89f1-905fe2b73387,Active,"06032020 LT: In tegenstelling tot de standaard posting fee van €15,- is met BNP afgesproken om de prijs van dit product op €0,- te zetten."
1dce0d01-d427-5d69-8e74-8b82565293fd,Active,"06032020 LT: In tegenstelling tot de standaard posting fee van €15,- is met BNP afgesproken om de prijs van dit product op €0,- te zetten."
04b00de9-2ecf-5c14-8492-b8c0d65439de,Active,Using My Channel contract as of Feb 4.
15e2e5de-240d-5241-8bd2-075e5cd92936,Active,"27-05-2021 Tristan de Kooker: eRecruiter has confirmed if we can reduce the listprice of this product, their salesteam will push it and they will pin those products to the top of their list."
16489dcf-552d-553a-bf77-5e33a174e82d,Active,"27-05-2021 Tristan de Kooker: eRecruiter has confirmed if we can reduce the listprice of this product, their salesteam will push it and they will pin those products to the top of their list."
89f26ac2-7c1b-5e4d-88a9-a4d41a33d72d,Active,"06032020 LT: In tegenstelling tot de standaard posting fee van €15,- is met BNP afgesproken om de prijs van dit product op €0,- te zetten."
f25a9bb1-61f8-5261-bfa6-b2ecc53d6409,Active,"06032020 LT: In tegenstelling tot de standaard posting fee van €15,- is met BNP afgesproken om de prijs van dit product op €0,- te zetten."
6433dff4-1081-57fe-94d9-e58e090b4ca5,Active,"20032020 LT: RC $299,-; Purchase Price: $254,15"
9ec6f9d6-58d2-56bc-b8df-cfdc7c5f76af,Active,"20032020 LT: RC: $299,- Purchase Price: $254,15"
3c5677c5-b194-5694-9c91-788fc1c638b8,Active,"20032020 LT: RC $429,- Purchase Price $364,65"
bfea55fd-ea92-569a-808d-e16e5aaf323a,Active,"23032020 LT: RC $399,-; Purchase Price: $339,15"
8e981bea-0432-5f01-bfce-969a70c9b60a,Active,"20032020 LT: RC $459,- Purchase Price $390,15"
6ec81eee-9fc4-5df9-b32f-02658d643ddb,Active,"17032020 LT: RC=$299,- ; Purchase price $254,15"
518a48ee-5c42-5d30-bcc7-c40d1f156cd0,Active,JDK Nov 17: Jobs go via Indeed. Selling Glassdoor is no longer possible.
246d3294-f06e-5c71-834b-7703fc361669,Active,"30012020 LT RC = $325,-; Purchase price: $276,25"
6576a612-e874-52c7-9a4a-d7dd3d750ba1,Active,"30012020 LT RC = $179,-; Purchase price: $152,15"
3f4321c8-c393-55fb-8f89-ac64603ade1b,Active,"30012020 LT RC = $395,-; Purchase price: $335,75"
6f50f6f1-1b02-5682-9654-a90f3093794d,Active,"30012020 LT RC = $379,-; Purchase price: $322,15"
926197bc-04b1-5b3b-aeb4-650de7e4ca0b,Active,SF 20-04-21 Blacklisted on Renata's request. They do not offer job posting any more.
69b99972-f69e-5b83-bcb3-cd9dd1149d26,Active,"06032020 LT: In tegenstelling tot de standaard posting fee van €15,- is met BNP afgesproken om de prijs van dit product op €0,- te zetten."
0ef4fe2d-b81a-5828-b696-e4af38240aef,Active,"06032020 LT: In tegenstelling tot de standaard posting fee van €15,- is met BNP afgesproken om de prijs van dit product op €0,- te zetten."
345d447f-b4a6-580b-bce6-728f76d71d90,Active,"06032020 LT: In tegenstelling tot de standaard posting fee van €15,- is met BNP afgesproken om de prijs van dit product op €0,- te zetten."
358ce442-bdb7-53dd-a3b7-85b96697fe86,Active,"06032020 LT: In tegenstelling tot de standaard posting fee van €15,- is met BNP afgesproken om de prijs van dit product op €0,- te zetten."
20f73277-546f-5532-aba9-e0e4fe853255,Active,Monster has stopped the collaboration with Alma Media.
b2643c7f-1d07-5de5-a171-ab1e7e0bfc00,Active,"23032020 LT: $329,- ; Purchase Price: $279,65"
1bf87107-48cd-5ba5-a1bd-026adb82d8ed,Active,"230302020 LT: $160,- ; Purchase Price: $136,-"
981dc0a6-0668-5091-9a9f-2912d5515955,Active,"27-05-2021 Tristan de Kooker: eRecruiter has confirmed if we can reduce the listprice of this product, their salesteam will push it and they will pin those products to the top of their list."
09181c0a-3682-59a4-ac4b-ac5b39736b65,Active,16012020 LT: Blacklist tot IGB geregeld is
0ecde32c-3009-5be0-998b-bff2edd8aeb1,Active,16012020 LT: Blacklist tot IGB geregeld is
5ea30f38-c0e9-527f-8608-c082d859ecac,Active,16012020 LT: Blacklist tot IGB geregeld is
bf527892-0eda-526c-a3f0-6416291424c6,Active,"Blacklisted, because we can never reach them."
045ad271-6913-5d6c-bf17-8979bdad7aa5,Active,"Blacklisted, because we can never reach them."
d57d1452-7f6b-5e89-852a-70fbf14ee446,Active,"Blacklisted, because we can never reach them."
be09cf34-bdbf-5592-ab6b-694d7a02e762,Active,"23032020 LT: $260,- ; Purchase Price $221,-"
5f2be448-fc2e-5d6f-856c-942a6d3caf52,Active,"30012020 LT RC = $249,-; Purchase price: $211,65"
ca50017b-0148-55b7-8798-2950ee775167,Active,"30012020 LT RC = $330,-; Purchase price: $280,50"
6de2d0ba-8228-5710-a05c-8c1c9122d6ab,Active,"30012020 LT RC = $630,-; Purchase price: $353,50"
5ab3ed3a-27ad-561b-a25e-eb09ebc9cdb2,Active,Duplicate: 01t08000008qgx8AAA
884e6287-425a-5933-bb8f-ac0584152c9b,Active,New Product: 01t08000008qkemAAA
328e7eb1-a01e-58ae-9751-64b53b906dc4,Active,"30012020 LT RC = $349,-; Purchase price: $296,65"
b45b02a0-a998-5d15-b261-7b8a4fd0b25e,Active,"30012020 LT RC = $349,-; Purchase price: $296,65"
b18fdcfc-5591-5ebf-b533-d3242472efea,Active,"30012020 LT RC = $275,-; Purchase price: $150,-"
06dd69af-8f88-585b-baad-e2b88ba3b676,Active,"10-11-2020 RVR: kevin King is asking us now to register our client in their system and the pre purchase credits for the job. That is not how we work. So I ve balcklisted this channel today.

30012020 LT RC = $990,-; Purchase price: $841,50"
c36722ab-c3a1-5dda-8b93-8eb7f3b95102,Active,"30012020 LT RC = $379,-; Purchase price: $322,15"
a6906153-0ed6-5d99-b4fb-db201ffb77b8,Active,"30012020 LT RC = $549,-; Purchase price: $466,65"
f6d57248-369b-5eb3-8ef8-4d7ffd3392f5,Active,"RVR 01-03-2021: The site reads ""
We are sorry, Workania.hu does not work anymore"" Also Marcel tuin mentioned today that Alma Media doesnt have a Partnership anymore with workania.hu Therefire I will shut off this product for now."
a7ad77cc-a8b4-5273-ab20-01c95df99354,Active,"LR0706: Switched to active after connection changes.

LR0507: BL due to posting issues. Integration needs to be reviewed."
2ea585f2-39ab-59b6-9efb-cdf2e4e4e0d0,Active,06-01-2021 RVR: this product transferred from VakMediaNet to Brandpreventie academy
c1aeb21b-f414-53bc-a045-4747e0ec0306,Active,"Inkoopprijs: OPS budget € 120,-"
d1b641bf-b3fc-5ea8-8b2d-65b91a9dedb8,Active,"Inkoopprijs: OPS budget € 120,-"
84b724bb-4b3f-551b-9098-ab809fceca17,Active,"Inkoopprijs: OPS budget € 150,-"
d9ec74bb-3c56-54a9-a79b-7df762e99e6f,Active,"06032020 LT: In tegenstelling tot de standaard posting fee van €15,- is met BNP afgesproken om de prijs van dit product op €0,- te zetten."
1d21e6ae-444e-5cc6-9d05-4648c9e55ceb,Active,"06032020 LT: In tegenstelling tot de standaard posting fee van €15,- is met BNP afgesproken om de prijs van dit product op €0,- te zetten."
4fec0a8c-2700-5126-8618-1e0627790eb7,Active,"06032020 LT: In tegenstelling tot de standaard posting fee van €15,- is met BNP afgesproken om de prijs van dit product op €0,- te zetten."
46c0e40a-c9ec-550c-b6ce-2f168fc4eb89,Active,Feb 25 2021 JDK: Temporary offline because channel doesn't seem to support job board anymore.
e1d641d4-8425-57ba-afae-4a089768058e,Active,30-04-21 SF Blacklisted because it takes too long to get the job online (even with IGB)
309091bc-681d-5d0a-9b2c-0d0de1145ed5,Active,"30012020 LT RC = $350,-; Purchase price: $297,50"
d8ccfd4d-0ea6-5f90-a809-5fe2b5eaa67d,Active,"30012020 LT RC = $399,-; Purchase price: $339,15"
07e652a2-6f94-53aa-9a9c-3aa7f7a90827,Active,"30012020 LT RC = $275,-; Purchase price: $150,-"
29157c27-a662-55e2-afec-2f8510235bd8,Active,"30012020 LT RC = $275,-; Purchase price: $150,-"
7ee07206-f2a8-565c-9eb9-a2fde20e3dc1,Active,"06032020 LT: In tegenstelling tot de standaard posting fee van €15,- is met BNP afgesproken om de prijs van dit product op €0,- te zetten."
a86c28a4-dfe9-5383-8530-ee8cbd449dd9,Active,"06032020 LT: In tegenstelling tot de standaard posting fee van €15,- is met BNP afgesproken om de prijs van dit product op €0,- te zetten."
cf68b31a-0ff4-5a2a-9d10-cb91ef574b3b,Active,"06032020 LT: In tegenstelling tot de standaard posting fee van €15,- is met BNP afgesproken om de prijs van dit product op €0,- te zetten."
e5eae904-f8e4-5163-966c-e52b98e1a224,Active,"06032020 LT: In tegenstelling tot de standaard posting fee van €15,- is met BNP afgesproken om de prijs van dit product op €0,- te zetten."
8a73f76a-80b4-58a0-95b0-a44afeef3111,Active,"06032020 LT: In tegenstelling tot de standaard posting fee van €15,- is met BNP afgesproken om de prijs van dit product op €0,- te zetten."
7968aeff-bc5e-5647-8830-ad9a5c00a1f7,Active,"06032020 LT: In tegenstelling tot de standaard posting fee van €15,- is met BNP afgesproken om de prijs van dit product op €0,- te zetten."
a3a3cbf5-c5d2-560b-9d40-0e85521397eb,Active,"06-04-2021 RVR: Mailtje gehad van VakMediaNet: ""Graag willen we jullie weten dat sinds 01-03-2021 de titel https://www.securitymanagement.nl/ niet meer eigendom is van Vakmedianet. Voor vacatureplaatsingen via Security Management verwijs ik jullie graag door naar https://www.securitymanagement.nl/contact/."""
50f208f7-7bf1-5703-b387-36ae53b7216c,Active,"Blacklisted, because we can never reach them."
c8e7f9a4-8479-5858-932b-e5861542a5eb,Active,"30012020 LT RC = $275,-; Purchase price: $150,-"
27e9f9b0-820b-5e47-8cde-bea5857e341c,Active,"06032020 LT: In tegenstelling tot de standaard posting fee van €15,- is met BNP afgesproken om de prijs van dit product op €0,- te zetten."
0643fab1-7527-5074-9ec6-d9e58972417a,Active,"06032020 LT: In tegenstelling tot de standaard posting fee van €15,- is met BNP afgesproken om de prijs van dit product op €0,- te zetten."
0c6fbcf0-749b-5392-8a96-8f3a357194e7,Active,"23032020 LT RC $395,- ; Purchase Price $335,75"
4fc10242-5a75-5727-8812-23cc42ac7dba,Active,My Channel Product
97c76291-0403-5f37-8740-7ca9aec7db2a,Active,21022020 LT: Opgenomen voor tender KfW ondanks pricing iov Roderick
badacbaf-5c80-5eab-86d7-207acd0ec314,Active,28/04/21: AL: Disabled: 403 entry forbidden.
fb0562bd-d516-576e-b53b-f9d0ba11bcb5,Active,My Channel for Perfetti van Melle.
8b323d56-7d40-5b3d-b566-6534d1fb71c2,Active,"SF: Blacklisted, active product: https://vonq.lightning.force.com/lightning/r/Product2/01t1p000006yLMYAA2/view"
9f6cba81-359a-5b6d-a5a7-968dd68636c6,Active,"RVR 10-06-2021: Martin Brestal left the company and they do not wish to honor the PA we setup with him. Adéla want us to login and post manually now, but i norder to post for our customers she needs to setupp subaccounts which she is hesitant to setup. My new person of contact is very slow in the communication so I am not sure if we can guarantee a 48 hour delivery posting. She also wants us to purchase credits now."
ae7d4ec5-c836-5920-90e6-a1b5afb13b7c,Active,"23032020 LT: RC: $349,-; Purchase Price: $296,65"
f37ceea0-0aeb-53bc-bbd7-5bcf769a770f,Active,"06032020 LT: In tegenstelling tot de standaard posting fee van €15,- is met BNP afgesproken om de prijs van dit product op €0,- te zetten."
89800319-8a51-5741-843b-3887a1a8eaf0,Active,My Own Channel for SmartRecruiters
4a34aa16-598c-5b80-ad1f-9b6fb01f5274,Active,"27-05-2021 Tristan de Kooker: eRecruiter has confirmed if we can reduce the listprice of this product, their salesteam will push it and they will pin those products to the top of their list."
07a4618b-a341-54a1-a0cc-b97e6af748d2,Active,"27-05-2021 Tristan de Kooker: eRecruiter has confirmed if we can reduce the listprice of this product, their salesteam will push it and they will pin those products to the top of their list."
5a774b3a-88d5-51d1-afe1-567e507f9dc9,Active,"27-05-2021 Tristan de Kooker: eRecruiter has confirmed if we can reduce the listprice of this product, their salesteam will push it and they will pin those products to the top of their list."
4799ea62-ba3c-5440-b504-e464b8caae65,Active,Monster has stopped the collaboration with Alma Media.
f93c4ffc-1589-59cf-9009-c0ff2198fa0e,Active,EH 18-05-21 we're not able to use our tracking url under the apply button
ff2395d4-b549-5818-9aaf-3ef093df0d1d,Active,SF 14-05-21 Blacklisted till new PA
5854e654-0cce-5b44-9e88-e0d442d046f7,Active,20012020 LT: Blacklist; site isn't available
97c0eddb-9add-533c-b8d8-26120d65957d,Active,03-08-2020 RVR I.v.m. geen PA nog even de kanalen uitgezet uit voorzorg.
3474d9a3-cbfc-5395-9108-1b3777da4e8a,Active,"RVR 26-11-2020: Credits have run out according to Alexander, so I have blacklisted this product."
f2923766-fcf8-500e-8823-82bbb02e67a9,Active,03-08-2020 RVR I.v.m. geen PA nog even de kanalen uitgezet uit voorzorg.
7d382a2d-5fe2-5ce7-bf17-53480c8521f4,Active,"27022020 LT: RC = $299,- Purchase Price = $254,15"
5ef056bb-f501-590a-a390-a89c7aa0e88d,Active,26032020 LT: Duration aangepast naar 60 dagen tot 31-05-2020 ivm Corona
a8dcffd4-7648-5eac-8de1-07b37b25af70,Active,"27-05-2021 Tristan de Kooker: eRecruiter has confirmed if we can reduce the listprice of this product, their salesteam will push it and they will pin those products to the top of their list."
ea4684c6-1e95-506c-b565-4f75708eac0b,Active,"RVR 31-05-2021: Arno Schäfer requested a 5% listprice increase on this product.

OPS budget: 250 / 0,85 = € 294,-"
9f73ff69-b743-5aa4-a712-990412e18a91,Active,Duplicate: 01t08000008qgwtAAA
272ec46b-7339-5c2b-8e83-b8972e89cd09,Active,Duplicate: 01t08000008qgweAAA
67ebf67d-2bd1-57ed-9745-01d37f745e06,Active,18-02-2021 RVR: Aangemaakt voor Nanine om te kunnen testen. Is eigenlijk een additioneel produkt dat niet zichtbaaar hoort te zijn in het JMP.
0133cb52-73de-54ed-a78c-f9061077777a,Active,Duplicate: 01t08000008qgxDAAQ
8cb14867-ed6b-5012-964b-2414c4b5c42f,Active,Active Product: https://vonq.lightning.force.com/lightning/r/Product2/01t08000008qi0BAAQ/view
74cf0fc9-70c8-57fd-b236-8e1dc6416791,Active,"LR0706: Switched to active after connection changes.

LR0507: BL due to posting issues. Integration needs to be reviewed."
84ce5b37-70fb-5457-b44c-f78a367a4268,Active,13-10-2020 RVR: Blacklisted because this channel only accepts payment by credicard over the phone.
9e11b5f1-bb07-5637-ac90-6ab4698b63e4,Active,"23032020 LT: RC $495,-; Purchase Price $420,75"
17d8c14f-ff10-56ba-b540-7e289fee562c,Active,Monster has stopped the collaboration with Alma Media.
d5037371-cdae-5468-a0ea-65637ed6eb35,Active,"19032020 LT: RC $299,-; Purchase Price $254,15"
3fcedd39-045c-5078-a411-0a860504d07c,Active,"23032020 LT: $180,- : Purchase Price: $153,-"
b72a4fc7-4a50-5f54-9c6f-2d64c14a898c,Active,"06032020 LT: In tegenstelling tot de standaard posting fee van €15,- is met BNP afgesproken om de prijs van dit product op €0,- te zetten."
ffed09dd-354e-564b-82e4-afafa069ec8d,Active,Duplicate: 01t08000008qgxEAAQ
233ab2f2-8f3d-57ea-8fba-dc71f564f9a6,Active,"17062021LR: BL - Restructured social products, removed third 30-day product"
04772a9f-824d-56f9-a529-eb0960775347,Active,"22062021LR: Decreased budget by 5% (pitstop project)

RVR 31-05-2021: Arno Schäfer requested a 5% listprice increase on this product."
abdc5f48-13e7-5d50-8604-6648ec92aae6,Active,"22062021LR: Decreased budget by 5% (pitstop project)

RVR 31-05-2021: Arno Schäfer requested a 5% listprice increase on this product."
020e43cd-2821-5ffe-943f-a1b1696e47f2,Active,"22062021LR: Decreased budget by 5% (pitstop project)

RVR 31-05-2021: Arno Schäfer requested a 5% listprice increase on this product."
ba1f95fe-f6fe-5dee-817e-1e66e3f80e32,Active,"20032020 LT: RC $425,-; Purchase Price: $361,25"
61cc53a4-a793-5b0a-abd2-f38a73c2982b,Active,"12-03-21 Blacklist

Duplicate: https://vonq.lightning.force.com/lightning/r/Product2/01t0Y000009DsT6QAK/view"
c6114fe7-9a65-5865-a206-3abe0b329c53,Active,My Channel
782cc450-e824-55ac-88bf-f88b42979b57,Active,"22062021LR: Decreased budget by 5% (pitstop project)

RVR 31-05-2021: Arno Schäfer requested a 5% listprice increase on this product."
62805c2c-0386-5484-9721-79fffa95aed1,Active,"22062021LR: Decreased budget by 5% (pitstop project)

RVR 31-05-2021: Arno Schäfer requested a 5% listprice increase on this product."
fd017d3f-7cfb-5fcf-a02b-e4e3c4e68cf8,Active,Duplicate: 01t08000008qgxIAAQ
e50c35e1-ac24-53f4-b561-86a1e90ff6b0,Active,Monster has stopped the collaboration with Alma Media.
92012758-3e80-58d8-979d-3a26affa53f8,Active,Monster has stopped the collaboration with Alma Media.
e5651c13-a524-59db-a72e-21ce84b0425b,Active,Monster has stopped the collaboration with Alma Media.
594d72ef-9b07-561d-b50c-9f0d8042646b,Active,"Blacklisted, because we can never reach them."
95b53a00-1db2-55d8-8c86-5dfaea27c38f,Active,"14022020 ML: RC = $295,-; Purchase Price: $250,75"
70b90acb-76bc-5230-8434-979b9c335ed0,Active,"21042020 LT:  ovv Zeno Panhuijzen: Sales voegen dit product toe aan een opportunity in Salesforce en laten die ‘scheduled’ uitvoeren qua bedrag. Hierdoor kan er vooraf vastgelegd worden dat er naar verwachten een kwartaal lang een dagelijks gemiddelde van (bijvoorbeeld) 100,- euro binnenkomt."
11dfa8fe-a1ac-5f43-9e1e-14535f24bc05,Active,27022020 LT: BASF bought the credits. They want this product via VONQ - only handling-fee
95fac0a9-8651-57cd-bc58-4e2cac62c6bd,Active,27022020 LT: BASF bought the credits. They want this product via VONQ - only handling-fee
9488a582-9078-5107-8aac-eb60e5cfeca3,Active,JDK: Feb 23 2021: JobTeaser can't facilitate partnership due to budget cuts. Check-in Q4 2021 again
485e17d9-3d30-54b7-b82b-ff873464e5a3,Active,JDK: Feb 23 2021: JobTeaser can't facilitate partnership due to budget cuts. Check-in Q4 2021 again
79111a5c-d402-5165-872c-e15eb3c1daf6,Active,JDK: Feb 23 2021: JobTeaser can't facilitate partnership due to budget cuts. Check-in Q4 2021 again
ebf97e6b-7f68-53a6-82df-87b50cc8616c,Active,JDK: Feb 23 2021: JobTeaser can't facilitate partnership due to budget cuts. Check-in Q4 2021 again
debda987-896b-5d88-99e0-6185374dd3ba,Active,JDK: Feb 23 2021: JobTeaser can't facilitate partnership due to budget cuts. Check-in Q4 2021 again
a5edc3db-d815-51d4-b1b2-2df290699e5d,Active,JDK: Feb 23 2021: JobTeaser can't facilitate partnership due to budget cuts. Check-in Q4 2021 again
f41f81e6-f8e7-5dce-bcdb-ce692a38f569,Active,JDK: Feb 23 2021: JobTeaser can't facilitate partnership due to budget cuts. Check-in Q4 2021 again
39aad92c-9ff1-5d8e-ada6-800e792c76dd,Active,"Blacklisted, because we can never reach them."
3311c55d-c8e4-534c-9f23-1608ebe6dbeb,Active,JDK: Feb 23 2021: JobTeaser can't facilitate partnership due to budget cuts. Check-in Q4 2021 again
77662701-07c5-5971-8372-cb861a67c944,Active,JDK: Feb 23 2021: JobTeaser can't facilitate partnership due to budget cuts. Check-in Q4 2021 again
b4cbced3-10eb-5cee-b80b-7db26e6de2f4,Active,JDK: Feb 23 2021: JobTeaser can't facilitate partnership due to budget cuts. Check-in Q4 2021 again
8f043deb-dbd9-5704-88d5-ec9548da6893,Active,JDK: Feb 23 2021: JobTeaser can't facilitate partnership due to budget cuts. Check-in Q4 2021 again
a46c740a-9c7d-501e-8b86-3d9aa78c4b12,Active,JDK: Feb 23 2021: JobTeaser can't facilitate partnership due to budget cuts. Check-in Q4 2021 again
2f60b821-0b6f-5759-a983-08c1eb0b5b1a,Active,JDK: Feb 23 2021: JobTeaser can't facilitate partnership due to budget cuts. Check-in Q4 2021 again
cf8ddd58-520a-5961-b616-be821fc98e5f,Active,"06032020 LT: In tegenstelling tot de standaard posting fee van €15,- is met BNP afgesproken om de prijs van dit product op €0,- te zetten."
0d07582b-be96-5836-af91-5db1807c066a,Active,"06032020 LT: In tegenstelling tot de standaard posting fee van €15,- is met BNP afgesproken om de prijs van dit product op €0,- te zetten."
37bfeec7-6a19-5bee-b5bf-fbcd3278eb4b,Active,Duplicate: https://vonq.lightning.force.com/lightning/r/Product2/01t08000008qgxIAAQ/view
7f24f2c0-74c6-5694-a263-6d63734e1e3c,Active,"11052020 LT: RC=7900 SEK (€745,50) - Purchase Price = 5900SEK (€556,77)"
b798609a-8f43-5f96-87ac-3f814a6a3d44,Active,"Blacklisted, because we can never reach them."
6b7a36a9-c88c-5a78-832b-4e7245737a59,Active,"Blacklisted, because we can never reach them."
44178dd2-d3d8-5082-8e54-eb0d651f35a6,Active,"27-05-2021 Tristan de Kooker: eRecruiter has confirmed if we can reduce the listprice of this product, their salesteam will push it and they will pin those products to the top of their list."
a8cea812-8c6b-5e92-9468-eb69559abf09,Active,"Blacklisted, because we can never reach them."
2e7febba-9100-5558-8257-10b3e9428e0d,Active,"LET OP: graag de banner aan ons sturen met de vacature (incl link) naar: thomas.timmermans@fdmediagroep.nl. Uw banner wordt geplaatst op de homepage van ESB.nu aan de rechterzijde, in het midden. U koopt met 3000 impressies. Wanneer ESB tijdens uw campagne  3000 impressies heeft gerealiseerd stopt de campagne en halen wij uw banner offline."
a961369d-a13c-5d4b-94fd-2841fd224871,Active,"Blacklisted, because we can never reach them."
38dc63c9-5484-5a6a-8331-668acc79ec8e,Active,"Blacklisted, because we can never reach them."
bc20c32f-c2fe-5f41-8f5b-1638faab1336,Active,"11052020 LT: RC=7900SEK (€745,50) - Purchase Price 5900SEK (556,77)"
5397b8dd-0db6-5f47-8cfc-504dedd78fef,Active,"Blacklisted, because we can never reach them."
58faefff-e74e-54d6-9fde-8def060d06d1,Active,"14052020 LT: RC = 7900SEK (€745,50) - Purchase Price = 5900 (€556,77)"
c62ac65d-2f73-5344-bc38-73c2a3d38283,Active,"Blacklisted, because we can never reach them."
e1a7e7fc-e08b-54d0-96be-693bd2d2a294,Active,"11052020 LT: RC = 5500 SEK (€519,20) - Purchase Price = 3500 SEK (€330,28"
2b68822e-8f18-5722-b296-b71aff9e71fe,Active,"Blacklisted, because we can never reach them."
63731af3-544b-5352-9462-8834c3cac0bb,Active,"Blacklisted, because we can never reach them."
6063aad7-4d61-555d-bdc8-1958e787c531,Active,"Blacklisted, because we can never reach them."
bf8c8eb7-a057-5054-97e7-c7344daeed72,Active,RVR 03-03-2021: I have shut off this product because the same product of Epiframe is cheaper.
05b1365e-4785-5826-8714-e328b815dc8b,Active,"Lars Peter Svane 26-03-2021: ""We suggest deleting ""Brussels Legal"" - as this is not really a jobsite, but a Blog/community site for international lawyers, where the legal jobs from EuroBrussels and EuroLegalJobs are also listed. We think this might be too confusing, so instead we will just list it as free cross posting on EuroLegalJobs.'"
26d32350-5930-57a4-9bfc-16676f99f8b3,Active,"Blacklisted, because we can never reach them."
cbb5c02f-dbcd-5bbf-a685-5a71e4548851,Active,"Blacklisted, because we can never reach them."
6f4dfad1-f3a5-5c63-859e-2a987e634152,Active,For programmatic purposes. Not in JMP yet.
f24dd0f3-acf6-5ad6-a9f7-7e3a722639bb,Active,Joren told not relevant
fd6551bb-c974-5564-ab2c-c14f289d369e,Active,"Blacklisted, because we can never reach them."
fc7c5bde-a270-573a-825c-1a1be84a78b6,Active,"Blacklisted, because we can never reach them."
30f83870-6351-5b74-8c23-d8c362bc5a80,Active,"Blacklisted, because we can never reach them."
2b2c3912-1326-5cd8-adbe-6b9e12d7e788,Active,"Blacklisted, because we can never reach them."
1e27f91d-02f1-58dc-9130-49f47e732783,Active,JDK: Feb 23 2021: JobTeaser can't facilitate partnership due to budget cuts. Check-in Q4 2021 again.
09014f34-0f00-56b4-abd0-257e8b0c03bb,Active,JDK: Feb 23 2021: JobTeaser can't facilitate partnership due to budget cuts. Check-in Q4 2021 again
c5e77093-5e44-5d18-b2eb-af6503487f5c,Active,JDK: Feb 23 2021: JobTeaser can't facilitate partnership due to budget cuts. Check-in Q4 2021 again
af4ae0b5-3200-561d-956b-e5383557b9c8,Active,JDK: Feb 23 2021: JobTeaser can't facilitate partnership due to budget cuts. Check-in Q4 2021 again
5250ba4b-1bb5-562d-88d9-0a0a124d1e63,Active,JDK: Feb 23 2021: JobTeaser can't facilitate partnership due to budget cuts. Check-in Q4 2021 again
6e0ee7d7-933d-5ea3-9235-61844d0097b9,Active,JDK: Feb 23 2021: JobTeaser can't facilitate partnership due to budget cuts. Check-in Q4 2021 again
1bbb24ad-96f2-53d7-9a4c-e746ff0e243c,Active,"This is a My Channel for BASE, but we will use the inventory from our regular StepStone product, to make sure that we will use our credits.

08-06-21 SF Changed list price to 1258€ on Maximilian Bonik's request."
908b9780-69a6-53f9-828e-3dab4ecbe60f,Active,"This is a My Channel for ECB, but we will use the inventory from our regular StepStone product, to make sure that we will use our credits."
e671681e-c073-5350-8828-e2f217594f96,Active,08-06-21 SF Changed list price to 1258€ on Maximilian Bonik's request.
31bbfb9b-dd6e-54d7-b6d9-510abb5a7b08,Active,"26-01-2021 Sylvia de Leon (Supplier): Ik heb voor de tweede keer een betaling ontvangen van Vonq.
Voor de tweede keer maken jullie een veel te laag bedrag over in dollars.
Zie onderstaande screenshots.

Naast die te lage dollarbedragen houdt de bank ook nog eens kosten in.
En jullie krijgen van mij al een dikke korting op het normale productprijs.
En jullie houden mijn betaling 2 maanden vast.

Ik ben hier nu echt klaar mee.
Jullie kunnen ons bedrijf uit je systeem verwijderen.
Wij werken liever direct met onze eigen klanten.
Die betalen prima en op tijd."
c1ce0d70-72de-5cbc-bf22-bba5aa1ea53f,Active,"LR0706: Switched to active after connection changes.

LR0507: BL due to posting issues. Integration needs to be reviewed.


USD Purchase Price 239,20
USD RC 299"
8bc64349-f03e-5adb-a02e-5e26c14513d5,Active,"LR0706: Switched to active after connection changes.

LR0507: BL due to posting issues. Integration needs to be reviewed.

USD 199 RC USD
Purchase 159,20 USD"
8465b8e2-e47c-5715-bba0-9eca78771164,Active,Only vacancies with a salary range above €60k
aeab334d-ad25-5e26-87cd-e45cbc67856b,Active,"25-05-21 SF Blacklisted, because we could not reach out to them (job posting failed)."
0d83dd71-8076-5ab7-b3bc-9d1da41b3aba,Active,"25-05-21 SF Blacklisted, because we could not reach out to them (job posting failed)."
7badd6a7-ea68-5273-9342-db64705ec3e1,Active,"25-05-21 SF Blacklisted, because we could not reach out to them (job posting failed)."
0280635c-004c-5713-bff7-883f47a51ee6,Active,EH 11-03-2021 For Programmatic Media Buying via IGB
3104ed86-d746-5f6a-93d4-1fe13690e659,Active,"RVR 15-03-2021: Tristan de Kooker asked me to create this additional product, just for Amazon (our client). But not to offer it in the JMP."
cd703b74-ba26-525c-935f-ea9c79aff546,Active,"RVR 15-03-2021: Tristan de Kooker asked me to create this additional product, just for Amazon (our client). But not to offer it in the JMP."
a760f4c6-8816-5efb-ba5d-d3706233e0d8,Active,"12-03-21 Blacklist

Duplicate: https://vonq.lightning.force.com/lightning/r/Product2/01t0Y000009DsSwQAK/view

2 Postings, Clickratio 1.50"
60e7bc90-fccf-523d-899a-e36334cebc3d,Active,Only vacancies in a salary range above €50K
5671f295-4c40-5f7d-923e-c5a0080adb32,Active,The product has been expired
14980b58-9138-5670-bca7-24ce797e99e3,Active,Blacklisted till Automation
6c572ed8-68c1-5d25-b028-f5660c8b497a,Active,"Valentine Reuzer: ""Automotivevac is niet meer actief en gaat binnenkort offline."""
71f89402-3e90-5dab-a6df-f16e8d83c4a3,Active,Duplicate: https://vonq.lightning.force.com/lightning/r/Product2/01t08000008qgxEAAQ/view
6fa97dab-c7e6-5093-ba97-32031fa1808d,Active,EH 16-06-21 LinkedIn discount action expired.
c314cfe2-fca2-5671-8972-07e0b1582412,Active,Jobs need to be delivered in Dutch.
38b273bb-cac4-5d94-b017-23d43f7b38d9,Active,"This prdocut is overlap, and need to be deleted."
0b639524-a4ad-5d33-bede-12185ba6ca0a,Active,Only vacancies with a salary range above €35k
e598f4f1-4089-5634-aa56-4ff88b491612,Active,"25-05-21 SF Blacklisted, because we could not reach out to them (job posting failed)."
abf3e7aa-a632-58f8-a1d3-5352f4fdf48d,Active,"25-05-21 SF Blacklisted, because we could not reach out to them (job posting failed)."
2f6f7445-2086-5844-bd4d-01dab4059a29,Active,RVR 02-03-2021: This prodiuct already existed somewhere else. So we need to delete this one.
d0e7c63f-a948-5a3f-9776-c39eabc263e4,Active,EH 16-06-21 LinkedIn discount action expired.
a57c0db5-5e02-53b2-b230-134397b11518,Active,"25-05-21 SF Blacklisted, because we could not reach out to them (job posting failed)."
b8e33ecb-f2ee-5f1e-a8e7-afe7f0e077e3,Active,Only vacancies with a salary range above 35K
b92ba2d7-4721-514a-ad43-ec3be377e6da,Active,Only vacancies with a salary range above CHF 100K
73756322-5850-5e5f-bcd1-f23e61b9d1bd,Active,SF 19-05-21 Blacklisted for not posting our job as agreed in PA
50e5c5aa-b6cb-5524-8928-1f4ca72711ba,Active,My Channel for LVNL for LinkedIn discount action.
c5318a0f-eb97-5867-8c84-0108c23967fe,Active,"12-03-21 Blacklist 

Duplicate: https://vonq.lightning.force.com/lightning/r/Product2/01t1p000006yHsZAAU/view"
c11adaed-08e4-565f-9361-29d70fafe904,Active,Alleen vacatures met een salaris range boven de 60K
4210aab7-2cb5-5630-b2bd-b91cb5b98fab,Active,"Valentine Reuzer: ""Automotivevac is niet meer actief en gaat binnenkort offline."""
b79de1b6-1087-5997-b786-400d3161e598,Active,Active Dupplicate: 01t0Y000006rJYgQAM
cecb9967-c121-4024-8b0f-67b143a62185,Active,EH 16-06: LinkedIn discount action expired.
56e214ef-9168-5096-8e69-29021f8e4545,Active,Only vacancies with a salary range above $100k
ae4e563d-06f8-58ce-849b-95d13e6e792c,Active,JDK Nov 17: Jobs go via Indeed. Selling Glassdoor is no longer possible.
efa69db7-2598-5834-a0c3-b212c4d2cc0a,Active,Product used by Professional Services
968ca149-94fe-5e9e-bd96-62e53d6e983c,Active,01-11-2020 RVR: This university is part of the College Diversity Network. Might be best to just use that product instead of just thiis on euniversity.
362cedd3-08aa-5b46-bb8e-014cb1bd6c30,Active,"10-05-2021 RVR: Joren and Tycho requested a new listprice for this product, in order to be attractive for Manatal (MAPI Partner)."
673d2ca3-902a-5ebc-8e62-0f7724368d5c,Active,01-11-2020 RVR: This community's job board is part of the College Diversity Network. Might be best to just use that product instead of just thiis on euniversity.
611564c2-84b9-5fa7-9b02-8a1d81ed49b3,Active,"01-11-2020 RVR: This job board seems to be part of the ""College Diversity Network."" If this party doesnt have its own URL it might be best to just open the product College Diversity Network."
342d879c-8865-5c44-9333-5863db8e1502,Active,Product used by Professional Services
8db40b5e-3d97-5ea4-8727-e31812e657ad,Active,"Inkoopprijs: OPS budget € 150,-"
617c041f-914b-5c32-8bab-b62471448329,Active,"Inkoopprijs: OPS budget € 120,-"
cba40cdf-f819-5ff9-b333-7f2054f0a139,Active,"Inkoopprijs: OPS budget € 100,-"
c9a99b1d-ec70-5cb7-8a28-331bd0ade314,Active,"Inkoopprijs: OPS budget € 120,-"
f2b71b1a-60ff-59ed-9162-eb281a003cad,Active,"Inkoopprijs: OPS budget € 100,-"
65e49002-18f3-5650-8b61-b6f5124c6f0e,Active,"Inkoopprijs: OPS budget € 100,-"
710b4383-a3ee-5283-ab64-3a158815373a,Active,"Inkoopprijs: OPS budget € 80,-"
f91ff0b5-f98f-5dcd-a432-67cbfd577a71,Active,"Inkoopprijs: OPS budget € 80,-"
e9cb12af-5fdb-5440-9fbd-24b19c7607c2,Active,"Inkoopprijs: OPS budget € 80,-"
ee21d377-0152-54b0-bcfb-cc87d5d982de,Active,"Inkoopprijs: OPS budget € 80,-"
e4cffc20-8246-5e7a-8529-8be78de3eaa8,Active,"Inkoopprijs: OPS budget € 80,-"
29a0db11-d7c0-5970-85b2-5c9c6c392798,Active,"Inkoopprijs: OPS budget € 80,-"
8f82b326-5e53-5a68-b16a-7004655de4a6,Active,"Inkoopprijs: OPS budget € 80,-"
f4bffcb8-be3d-5e1b-aeda-1d21ebd18b03,Active,"Inkoopprijs: OPS budget € 80,-"
637f7c38-dd48-5a69-b6a6-527c57bf1d07,Active,"Inkoopprijs: OPS budget € 80,-"
804873af-a482-5bbc-b0c7-057f22db5ecb,Active,"Inkoopprijs: OPS budget € 80,-"
f7c40ebd-5f67-5c80-8227-62a0f0de43fd,Active,"Inkoopprijs: OPS budget € 120,-"
d98dd5a8-9956-571e-bade-e520d56b833d,Active,"Inkoopprijs: OPS budget € 100,-"
fe9e7185-73a5-5f08-838a-db93304a6fee,Active,"Inkoopprijs: OPS budget € 100,-"
360145f4-e61f-5d45-b812-ca465a71ad21,Active,"Inkoopprijs: OPS budget € 100,-"
510a4d66-85cb-5759-8b86-f783f4250aca,Active,"Inkoopprijs: OPS budget € 80,-"
a2fe9ea9-641e-57ff-a0e7-6f416c64c843,Active,"Inkoopprijs: OPS budget € 100,-"
3fa93a79-31ec-5e68-99b9-1b4e09b1bf40,Active,"Inkoopprijs: OPS budget € 100,-"
c680ea94-f618-531f-bf45-a628abbc1938,Active,"Inkoopprijs: OPS budget € 80,-"
629ec51f-4c80-532f-9827-3f0e6027747d,Active,"Inkoopprijs: OPS budget € 100,-"
11ed1089-9a35-53d1-ae81-7e9c194e27e2,Active,29-04-21 SF Blacklist until we manage to reach out to them
968daad1-1b38-5a13-88e8-5b7d2b65ec85,Active,Only vacancies with a salary range above €45k
f7489388-177b-5865-8be0-c97d4e7f2eb9,Active,Only jobpostings above 60k
7a0c157f-afc1-518e-ac97-e88709369140,Active,"Inkoopprijs: OPS budget € 80,-"
0e56870c-0b5b-58bc-a02f-080818c2dc68,Active,10/05/21 AL temporarily deactivate the product in PKB.
510a3646-fa6f-5a5d-906e-24a2b2cfb184,Active,Only vacancies with a salary range above £45k
81b57a47-2eb6-421f-95c9-07a63833cf50,Active,"28/05/2021 AL Added based on Joren's request and by Leon's approval. Pricing may differ from contract, if there is one"
ffe6edfe-dced-4d18-9fc6-caff36eb0704,Active,"14/6/2021 - LR: BL - No business case from sales or PS

28/05/2021 AL Added based on Joren's request and by Leon's approval. Pricing may differ from contract, if there is one"
fd85bd6b-4aeb-4bef-9b05-345db9bda378,Active,"28/05/2021 AL Added based on Joren's request and by Leon's approval. Pricing may differ from contract, if there is one"
db6f1dc7-b9ca-4217-a56c-d0f14c66b4f8,Active,"28/05/2021 AL Added based on Joren's request and by Leon's approval. Pricing may differ from contract, if there is one"
9ecfeb5d-b350-4efc-b369-4deb084af7c9,Active,"28/05/2021 AL Added based on Joren's request and by Leon's approval. Pricing may differ from contract, if there is one"
a414e624-40fb-42f4-b93e-6f8ff033806a,Active,"28/05/2021 AL Added based on Joren's request and by Leon's approval. Pricing may differ from contract, if there is one"
05cb5e61-f2dd-4d13-9a17-3f617939412c,Active,"28/05/2021 AL Added based on Joren's request and by Leon's approval. Pricing may differ from contract, if there is one"
26c0df66-1b8f-4e59-8be1-c21089c49115,Active,"17062021LR: BL - Restructured social products, removed 40-day product

28/05/2021 AL Added based on Joren's request and by Leon's approval. Pricing may differ from contract, if there is one"
4b724e7a-8350-4a9a-975c-16f6b73f6152,Active,"28/05/2021 AL Added based on Joren's request and by Leon's approval. Pricing may differ from contract, if there is one"
16c253ff-2e5e-4636-ad27-33a5f5f32439,Active,"14/6/2021 - LR: BL - No business case from sales or PS

28/05/2021 AL Added based on Joren's request and by Leon's approval. Pricing may differ from contract, if there is one"
13d8adc4-0e8e-4b8e-8cb3-440622b907a9,Active,"28/05/2021 AL Added based on Joren's request and by Leon's approval. Pricing may differ from contract, if there is one"
e04e0563-cae0-4438-8df0-211bdd0192a7,Active,"28/05/2021 AL Added based on Joren's request and by Leon's approval. Pricing may differ from contract, if there is one"
b8c929d6-3b14-4001-a6d1-f4e3aedef92d,Active,"28/05/2021 AL Added based on Joren's request and by Leon's approval. Pricing may differ from contract, if there is one"
b0a2259d-a474-452f-bd8f-a187554c7d18,Active,"28/05/2021 AL Added based on Joren's request and by Leon's approval. Pricing may differ from contract, if there is one"
a1599dde-a114-483c-ac06-8294709e3f22,Active,"28/05/2021 AL Added based on Joren's request and by Leon's approval. Pricing may differ from contract, if there is one"
53b8ad3a-6a63-45ef-835e-72ae8272341f,Active,"28/05/2021 AL Added based on Joren's request and by Leon's approval. Pricing may differ from contract, if there is one"
84aa7494-e036-4c2c-81d6-c624684d98d1,Active,"28/05/2021 AL Added based on Joren's request and by Leon's approval. Pricing may differ from contract, if there is one"
37fb4fab-4d43-4ab5-84cc-13479e1db902,Active,"28/05/2021 AL Added based on Joren's request and by Leon's approval. Pricing may differ from contract, if there is one"
d06265d4-74aa-4e44-87db-44dd743822b7,Active,Budget: 150€
98803d3b-6ff6-4176-b843-83d23d61b015,Active,Budget: 100€
4c3994e3-4102-4f17-b2bd-9601b4151571,Active,Budget: 50€
327f9fb9-5450-520e-ae98-ce18c5b14b08,Active,28-04-21 SF Blacklisted till we set-up new PA.
b8792dfb-0527-5838-9aac-d8e682c20659,Active,Wait Until further notice.
fa092253-1b1a-567f-9231-47c5902e49ea,Active,LP LET OP! Mag alleen gebruikt worden voor de maandelijks kickback berekening Indeed
dc920b4b-d3d0-597c-a23e-0f02a170e212,Active,18112019 LT:  Stepstone/The Network has stopped working with this site. Replaced by 566  OCC Mundial | Mexico
f2ef1e42-4d4a-5f8a-900a-ba6070826443,Active,"06122019 LT: Het TIC Huis heeft zelf het PA opgezegd, omdat zij de te hanteren levertermijn niet kunnen waarborgen."
ca7e46de-2709-52b1-b462-e5f0826c126e,Active,"06122019 LT: Het TIC Huis heeft zelf het PA opgezegd, omdat zij de te hanteren levertermijn niet kunnen waarborgen."
6f81658b-7cb3-5dfa-b0bc-fcd1d23d9908,Active,Zelfde als DESQID 1427
c661d7e5-35a8-57d0-8ecc-edd5001810c5,Active,"06122019 LT: Het TIC Huis heeft zelf het PA opgezegd, omdat zij de te hanteren levertermijn niet kunnen waarborgen."
ace1902b-65b8-5b61-aa79-797fbe81c2a2,Active,"LP 26/6/2018 Product niet in recommender, we hebben een ander product voor Smashing wat al meegaat in recommender"
2620506b-1bd0-525c-ac7b-1e6a7d427406,Active,LP Original prijs USD 500
13af47de-7ca5-5253-b129-4fb1af2755e7,Active,"06122019 LT: Het TIC Huis heeft zelf het PA opgezegd, omdat zij de te hanteren levertermijn niet kunnen waarborgen."
1a5b4667-d3f5-56df-bd6c-ae777b424893,Active,Duplicate
b8192029-63d3-5c98-a814-a114c53370fd,Active,Ratecard URL: http://www.azubister.net/ausbildungsmarketing/fileadmin/downloads/azubister_Produkte_2014.pdf
87e74e29-7cb8-53f5-9dc3-e9d69d5fa1ad,Active,LT 13052019: in overleg met RvR niet in JMP
3b875f61-db31-51d8-a845-48f786f36185,Active,factuur in USD rate card $200 - inkoop $170 (LT 19.03.2019)
0e69f04b-9385-5117-8776-289b67f7633d,Active,"RVR 22-02-2021: They changed their platform, product and pricing without lettting us know. even though we had a Partnership.

Now they ask us to login ourselves, and post the job without getting a discount. For now I will shut off this product."
3f300f09-9131-5c53-9684-c532c8dbf877,Active,"LT: 07-05-2019 RC = $250,-"
aae508e6-80ed-5d11-91f5-f81018a3e3bb,Active,"Product is niet beschikbaar in het JMP, omdat dit een extra product is."
265d475a-7a61-51b2-9b70-15cd984ce0d5,Active,Testfase
0250580e-7b47-5199-952c-a6bc1c2595b5,Active,19112019 LT: Blacklist - uit portfolio van Acquire Publishing
1b024d38-2f70-5e0b-801e-d17fda1e3a7a,Active,LT 13052019: in overleg met RvR niet in JMP
5ca2fbff-b1a6-5a6d-9f2a-29bc09d2e903,Active,LT 13052019: in overleg met RvR niet in JMP
18cb877f-ccc3-5c65-b186-50443db65827,Active,No RC to be found
88aedf51-628d-5568-a9e5-abef66b0e0a5,Active,RVR 31-05-2021: Arno Schäfer requested a 5% listprice increase on this product.
2b48a7c0-d383-5bf9-9ef2-5e7d1b876fc4,Active,RVR 31-05-2021: Arno Schäfer requested a 5% listprice increase on this product.
9a14534a-b376-5d28-8964-6cfcb5e461ee,Active,"RVR 03-06-2021: We need to post 450 jobs in the next 9 months in order to use up all the credits. There fore I have lowered the listprice to €199.

RVR 31-05-2021: Arno Schäfer requested a 5% listprice increase on this product."
32a3573a-5157-557f-87bd-42944e07514e,Active,RVR 31-05-2021: Arno Schäfer requested a 5% listprice increase on this product.
c1393b93-8fcc-501a-897d-795cb95fde70,Active,The issue with the website.
22776b10-dd0f-5ea9-ba2b-1b7bad092071,Active,Alleen vacatures met een salaris range boven de 60K
c2f40f31-3830-50c8-adb4-5df873cd49cc,Active,"prijs per 1 sept 14 verhoogd naar 89,66 inkoop/ 269 ratecard"
fe63ed5f-4fc1-584a-af1a-4c61e5f89dc5,Active,09062020 LT: blacklist iov Roderick - leverancier kan onze voorwaarden niet nakomen
7c9daee8-2eec-5333-a38c-8288f511f747,Active,"20-08-2020 RVR: Spoke to Lotte, she doesnt want to communicate pricing before they are due. ""You are the customer and you can check our pricing on the website each year."" Dat is voor mij geen haalbare kaart om voor elk job board pro actief te kijken wat de nieuwe prijzen zijn en er opnieuw een korting op te bedingen. Ze wilde de posting ook niet plaatsen voor de oude prijs. Niet erg klantvriendelijk van haar."
8be59437-1400-5f03-a22e-4d844f6051e2,Active,No RC to be found
7f25116f-5e08-5078-a7fb-3dc6c1d17819,Active,"23-06-21 SF Blacklisted, because they can process isolated orders, but do not comply with general PA."
efd6361e-571a-5c95-9569-1153308b279f,Active,LT 07-05-2019: Ondanks Tropical toch in JMP ivm test
8ca5e54f-d1de-5495-b563-7a1b4489e975,Active,"RVR 02-12-2020: They are not able to send invoices in the englisgh language. Only in greek, which our financial department cant read."
33ce7289-3f5d-5a5a-a784-48f49a4ae7d3,Active,Ratecard en produkt niet op de site te vinden.
0b2028ea-a7ca-5c14-9c36-f9506f028619,Active,Ratecard en produkt niet op de site te vinden.
ccf85367-a5ec-565a-86fa-c91c6e8240f4,Active,Ratecard en produkt niet op de site te vinden.
69ee6db6-8175-59da-914a-f1a142820a40,Active,No RC to be found
7da928f7-e1b6-58fe-943f-7c2f1d3875ba,Active,"RVR 31-05-2021: Arno Schäfer requested a 5% listprice increase on this product.

OPS Budget: 350 / 0,85 =  € 412,-"
3ac38706-e275-52f1-9eb8-e96b1f969fc5,Active,"RVR 31-05-2021: Arno Schäfer requested a 5% listprice increase on this product.

OPS budget: 250 / 0,85 = € 294,-"
ae4c7a7e-5c52-572f-8519-3f31dba444d1,Active,"RVR 31-05-2021: Arno Schäfer requested a 5% listprice increase on this product.

OPS budget 275 / 0,85 = € 324,-"
d3761f1c-e518-5027-8cbf-337bc0a05490,Active,"RVR 31-05-2021: Arno Schäfer requested a 5% listprice increase on this product.

Inkoopprijs DesQ: 280 / 0,85 = 329"
00b12463-e926-561f-adba-ffbfc706a793,Active,"RVR 31-05-2021: Arno Schäfer requested a 5% listprice increase on this product.

OPS budget: 200 / 0,85 = € 235"
15d9a283-1deb-5ec3-bbe5-c5f00dab6840,Active,18052020 LT: Blacklist vanwege nieuwe social producten
95ddeb00-6ce4-5b44-854f-a9201629cfb0,Active,18052020 LT: Blacklist vanwege nieuwe social producten
54653791-31dd-550e-8ce9-bd72bce95459,Active,"22062021LR: Decreased budget by 5% (pitstop project)

RVR 31-05-2021: Arno Schäfer requested a 5% listprice increase on this product."
001aeca5-a402-5e02-868c-4892aa198170,Active,18052020 LT: Blacklist vanwege nieuwe social producten
7d2281e2-c1e1-543e-b5b7-08a535387c57,Active,18052020 LT: Blacklist vanwege nieuwe social producten
1b9dd205-e627-54ac-82be-ec6961a285ff,Active,18052020 LT: Blacklist vanwege nieuwe social producten
15c59982-8b4d-5c40-927d-1391ab1143f4,Active,Activate this product until further notice.
5f3c90ba-8733-59b8-b1ef-5498d9ec36ac,Active,18052020 LT: Blacklist vanwege nieuwe social producten
eaee63a7-e9b7-58ac-be7c-89df815176bb,Active,"22062021LR: Decreased budget by 5% (pitstop project)

RVR 31-05-2021: Arno Schäfer requested a 5% listprice increase on this product."
46dce97a-926e-56ea-a4ea-40435d61503e,Active,"22062021LR: Decreased budget by 5% (pitstop project)

RVR 31-05-2021: Arno Schäfer requested a 5% listprice increase on this product."
63c0e4c5-7a81-5c8d-8f89-394d4d9e4710,Active,Moet contact opnemen voor meer info
272bb936-fa25-571b-9632-df4b21137766,Active,gratis site
2c497882-7e39-5cda-a261-4ab97571c997,Active,15/6/2021LR - BL because posting process isn't working.
9743f17e-0668-511e-a968-403d8d3f8098,Active,gratis site
4c6f42ab-16c4-5c85-acd5-eb095af88dd0,Active,Corperate Social Responsibilty
a3618950-7b7a-5e76-a62a-360608ae50f9,Active,RVR 31-05-2021: Arno Schäfer requested a 5% listprice increase on this product.
30b230ab-d521-5fc1-8d4c-a95035ff235a,Active,zusje van Nederlandvacature.nl
622a6739-e918-54e1-9566-a53b9bc6ea2c,Active,Let wel: Altijd koppelen aan werkgever of werknemer account op XING
c626226d-0258-5d9d-b3ec-620b8d7a0233,Active,Let op Alleen vacature plaatsing
d4e213a9-1b39-57f0-b38c-73a152595776,Active,"prijs tot 10 feb15: RC199, VONQ150, inkoop 60"
22a123d3-a47a-5326-959c-6605f03416a6,Active,No RC to be found
1ec12c9a-80b6-5543-b95d-823ed379db2b,Active,30-04-21 SF Blacklisted till the new PA
363d8155-1dac-5b50-820c-bd91c9f82889,Active,Inkoop = 547 PLN
e2297f85-7c7f-5da2-829e-2c62c29995b9,Active,23-08-2019 Pagina bestaat niet meer
041c12e5-7a14-518f-9aee-5a35ade0867a,Active,Kan geen vacaturepagina vinden. Ratecard is €500 voor nieuwsbrief en €500 voor banner. Vonq inkoop is €750
530b6886-9b15-5686-8b21-c1ee66938812,Active,No RC to be found
fc27f601-dd4c-5746-acec-a93c2e2ff544,Active,Bestaat niet meer
bf7b6444-2af8-543f-a141-95931685acb6,Active,RVR 31-05-2021: Arno Schäfer requested a 5% listprice increase on this product.
5ecce037-e081-5c5e-86d0-5a33cbcdb0f0,Active,This product will be activated until further notice.
8b454d51-b6e9-5be9-a504-99aa6b072c49,Active,RC: USD 285
05df28b3-237f-5e28-8f8b-3fa4dfd62eae,Active,"LP / Door Christian ingevoerd, regel 211 in antwoordenbestand. Verwarring maar volgens Christian klopt het op deze manier"
79375a2a-5596-5aab-84aa-c7e7d42cf6bf,Active,Shut down
3fbe187c-ef19-54cb-9dad-0a8be81a37ac,Active,"10-05-2021 RVR: Joren and Tycho requested a new listprice for this product, in order to be attractive for Manatal (MAPI Partner)."
275c23f8-127f-54a8-ab99-3632a7ecca74,Active,Duplicate: 01t08000008qhaeAAA
9df86fea-1543-5bf1-a83a-f8a0e10c952c,Active,"RVR 31-05-2021: Arno Schäfer requested a 5% listprice increase on this product.

OPS budget € 200 / 0,85 = 235"
58e04b86-fae6-5bae-809a-c5f9533dd1d2,Active,Producten op de website zijn goedkoper dan in DESQ
9272b5b4-fae2-5a75-8676-830aebd9239b,Active,LP 17072018 RC + VONQ = CHF 580
b5afa4eb-08e6-5f1a-8f56-fe46eb916fa4,Active,19112019 LT: Blacklist ovv RvR tot issues met plaatsingen zijn opgelost.
bab7b416-7b79-5e42-8c09-f241a594059f,Active,"27/3 GD: onderhandelingen stuk, ze willen tarieven fors omhoog"
c28004ee-f9ac-521c-8ba5-d5a4aec9bdf5,Active,"RVR 26-11-2020: Plaatsen gaat nog neit lekker via IGB en EXENZO dus het produkt gaat even uit.
LT: 31-05-2019 - Vanaf 1 juni gaat het plaatsen nog steeds via EXENZO , echter de inkoop en prijsafspraken qua PA, gaan via Souad."
84713245-cb6c-5ed3-aef6-ecbfb882ee1e,Active,19112019 LT: Blacklist ovv RvR tot issues met plaatsingen zijn opgelost.
f420c687-1a3c-5256-870f-b93ab9325b15,Active,Jobs need to be delivered in Dutch.
af7b7ec0-71fb-579f-bc08-6a7123553a55,Active,RVR 18-05-2021: Unfortunately we have to blacklist https://www.culturele-vacatures.nl/ Because they do not want to use  our redirection URL in the job postings. They believe it is not very userfriendly for their candidates.
4b782b98-0fde-5881-b141-0b9b13bf7d93,Active,21022020 LT: Blacklist ivm overzetting product naar B2B Vakmedianet - nieuw DESQ ID: 3811
4c4cb7ad-9498-51fc-ac2a-d2e0c0914afc,Active,"SF 22-04-21 blacklisted, cause this product was not included to the new PA"
2327683a-0cf4-58ff-8a27-e9f180868122,Active,LT 30.04.2019: Wordt binnenkort overgenomen door VakMediaNet
573dbcea-0273-5317-a36a-a51b771101ea,Active,LT: 09-05-2019: Premium ovv JdK ondanks verhoogde RC - toch oude VONQ-prijs hanteren
8a4eadbb-0422-524c-a9ca-e5990c74c938,Active,"10-05-2021 RVR: Joren and Tycho requested a new listprice for this product, in order to be attractive for Manatal (MAPI Partner).

LP 16/5/18: 299 $ = 260 â‚¬"
0db004fb-eb44-5c27-b47b-e4e40d6c541d,Active,No RC to be found
dd7f2f7b-79ec-5fe0-992b-04249360889c,Active,RVR 31-05-2021: Arno Schäfer requested a 5% listprice increase on this product.
49548f97-68f4-50af-848f-3fd533e442a2,Active,No RC to be found
eee793dc-ec9a-5087-9bbc-482cf917715b,Active,21012020 LT: Contract is niet verlengd
bcdeed3b-89cf-514a-87fe-d48017f48011,Active,15022019 RVR: Let wel: we mogen van Joyce Scriemer niet voor alle klanten plaatsen. Als zij zelf een klant hebben mogen wij niet namans die klant plaatsen.
cd2fb25a-e800-5ee9-8a03-024a4ec88952,Active,21072020 Geen vacatures te vinden
1db1d320-4230-566d-bfff-4ba7c0d0f1af,Active,Blacklisted until we have finalized new pricing agreements and determined what the product consists of.
af6d145d-299e-5cf2-b15e-2b170325cb3e,Active,LT: 04-06-2019 Alleen beschikbaar voor Shell - in overleg met RvR - mag niet in JMP!
70a77a58-6c55-53b4-8bf6-91847f89ad3d,Active,"27-05-2021 Tristan de Kooker: eRecruiter has confirmed if we can reduce the listprice of this product, their salesteam will push it and they will pin those products to the top of their list."
fe2f6da3-89aa-5e75-8d62-714516e4ce06,Active,"LT 11-04/2019 RC: USD 495,00"
cc0f3097-3d04-59d8-9f66-0cbb2fbc63ed,Active,"LT 11-04-2019 RC: USD 495,00"
d1424729-b226-5991-af72-109d9855550d,Active,LP 03072018 RC NOK 6400 + Inkoop NOK 5440 (Dagkoers + 5%)
90a444b8-eba5-5ed8-855a-947c5f9f2af6,Active,"20200716 LT: Gigajob.de is gestopt met de website, en verwijst door naar Indeed."
eaea9418-f67b-5f7c-9c26-4deb747f0a8e,Active,LT: 13112019: RC = 490 Zloty; Inkoop: 345 Zloty
d6b5d9eb-4813-5930-9825-839c0ffd6cec,Active,"RVR 02-06-2021: Inactivated, because YourCareerGroup / Stepstone said it will be closed in mid July 2021."
89f032c2-59f4-530a-b702-b61cb0aff283,Active,"LP 13072018 RC USD 449,00, VONQ 449-15% = USD 381,65"
a16126b9-6f11-5b50-bf3f-9b7a0b0e3fe3,Active,09062020 LT: Product uit iov leverancier - geen contract meer
5f740f44-06f1-5fdc-93e8-470c17a56b01,Active,"LP 14062018 Dit product is Premium, ook al is de inkoopprijs hoger dan de RC we willen deze NIET boven RC verkopen"
1105cf17-10b2-5ba0-95de-78b4704721a9,Active,https://recruiters.electronicsweekly.com/pricing/
0f4e3a78-4977-5cc7-937b-661c84466348,Active,19112019 LT: Blacklist ovv RvR tot issues met plaatsingen zijn opgelost.
ce8a61da-10e3-5091-9893-77882fe5c99e,Active,ratecard is EUR 410/ 300 pond (30 dagen incl 7 dagen refresh)
a028fb53-8a50-5e1e-877e-02ac348574a0,Active,"LT 08112019: RC: $560,- Purchase: $408,-"
ff4098c5-0e94-525a-ba44-5f2a615e24f7,Active,RVR 31-05-2021: Arno Schäfer requested a 5% listprice increase on this product.
6f77c0e6-294e-5f6c-826e-a565e4e76c58,Active,"27-05-2021 Tristan de Kooker: eRecruiter has confirmed if we can reduce the listprice of this product, their salesteam will push it and they will pin those products to the top of their list."
cc9da5f1-6563-54a7-9393-5b6e59ae8ca1,Active,Â£550 + VAT (for 2 slots)
f8e79e88-b643-55bc-a07c-1b5606a57f12,Active,17022020 LT: Product bestaat niet meer - vervangen door 3733
573899d4-14bd-5c3f-921d-f9b3a2fa4a71,Active,"19122019 LT: RC: SEK 3800,-"
ad9ceddd-ee9c-5fef-9370-d007a40b4587,Active,"Check met leverancier RC Premium is €600,- duurder dan contract"
7e86b8c7-01ed-5f98-bbf3-03e6d1c11113,Active,No RC to be found
0c4a1f30-8ef7-5c76-a81a-e97217bf75d6,Active,No RC to be found
c2e6cb5d-97ee-5e6c-aeb1-b6f1e787e73b,Active,RVR 06-11-2020: Nobody is answering our emails or calls. Their phone number sees to be out of order as well.
6d205e01-6bd4-5a67-bde5-6851370ce84a,Active,03122019 LT: Blacklist - credits zijn op.
e128df07-3db2-5ad3-a968-d51134d57dd4,Active,LT 21-08-2019: Site doet het niet
339ca774-3dce-5470-9fd4-df542f115cf6,Active,17022020 LT: Voorraad ingekocht bij Vivastreet rechstreeks - nieuw DesqID 3729
82906079-7402-5ccf-bc0b-8f084346cef4,Active,"LT 21-08-2019: RC = GBP 99,-"
896edfa1-a09a-56c3-b950-0838871a466c,Active,LT 11-11-2019: Blacklist The Network heeft zijn samenwerking met Infoempleo in Spanje op stop gezet - Vervangend product is 379 Infojobs.net | Spain
ef7aa726-888c-5d12-87f0-81dc8c59c1f7,Active,RVR 10-05-2021: Markus from Stepstone mentioned: The partner in Sweden has changed from StepStone to blocket jobb. Therefore this product is being blacklisted for now.
2988aa5d-32e4-5e9e-b82e-6ec67b7784de,Active,"10-05-2021 RVR: Joren and Tycho requested a new listprice for this product, in order to be attractive for Manatal (MAPI Partner).

$1,00 = â‚¬0,8865"
3c76feb8-62cc-5ffc-885d-1c028f218ecf,Active,09062020 LT: blacklist iov Roderick - leverancier kan onze voorwaarden niet nakomen
a6bbc9e1-8873-55d1-8045-59f0b659977c,Active,09122019 LT: Site wordt niet meer aangeboden
9464081a-a528-571b-8419-11d34a703ac2,Active,"Eur credits per 7 nov 2014: 193,20 EUR"
2f6c0eca-ebe5-5a83-939a-d441352a3f1a,Active,Produkt niet op de site te vinden
4638f770-3ed3-53f9-bcd2-a9b2bff299e9,Active,No RC to be found
8e2d6e2d-f4c8-5121-8598-e994550f764b,Active,28022020 LT: Blacklisted omdat de manier van plaatsen is gewijzigd op een manier die niet door VONQ gedaan kan worden.
b1a1bb54-ddc6-5c21-af25-bc0e3a23f708,Active,LP 10/8 Tekst om website te beschrijven opgevraagd bij de website
b3de6f45-403e-5f6f-ae5a-b2486045acd9,Active,No RC to be found
e63e19cd-bf4b-5881-b82e-38306d55600a,Active,Ratecard en inkoopprijs = 299 USD
aca72612-f048-5a30-9e78-a5b54a8622cc,Active,Geen ratecard te vinden
c71e8d87-d004-5897-a717-7a9e4d1d6b77,Active,"LP 27082018 RC 60 Bulgarian Levs = â‚¬ 30,68 (factuur mei 2019)"
9653421a-3621-536d-a7a9-e8c81e5ea4d2,Active,No RC to be found
9d5e7d54-bd08-5bcb-ac67-210f76e0bfd0,Active,used when booking off expired credit
60d58d69-a9ab-50bc-bf27-f341a1303369,Active,kick back fees for partners on portfolio products
91047e4b-e828-5fd2-b75c-ec38301c4708,Active,"09-10-2020 Dasjeffy Bendter: Hey Roderick,
Het is niet meer mogelijk om vacatures te plaatse op Viadeo. De supplier raadt APEC aan als substitute.
De prijs is het zelfde. Euro 129,-
Wil je het product Blacklisten of wijzigen? Thanks a lot,"
73b7f322-694a-5768-9fca-909cff760e97,Active,No RC to be found
964e1be8-da4a-50d8-81cc-00aa6a97e671,Active,This product will be activated until further notice.
f3d22300-a5ec-5025-b6f2-99d94db219c0,Active,This product will be activated until further notice.
9e0dc34b-00f7-5590-b235-32b03ce86af5,Active,LP 05122018 Credits zijn verlopen en dit product is per direct tropisch
f5670525-cc73-5ab3-9b24-c877e5b65706,Active,LP 05122018 Credits zijn verlopen en dit product is per direct tropisch
47778d5d-d8b2-57db-a911-322b1ba615bf,Active,"RVR 11-02-2021: Totaljobs doesnt allow VONQ to publish on behalf of all of its customers. If Totaljojbs already serves or has served a client direct;ly, we are not allpowed to deliver job son their behalf."
1ed62738-387e-5dba-a375-fe338c956065,Active,"10-05-2021 RVR: Joren and Tycho requested a new listprice for this product, in order to be attractive for Manatal (MAPI Partner)."
60077064-5d22-524f-8d3f-5951e1fbcf4d,Active,Ratecard niet te vinden.
61d9f291-a048-5faf-82f1-862f5f9594eb,Active,07112019 LT: Blacklist - samenwerking met Stepstone/The Network is gestopt
f95f65f3-2616-541f-9b0b-7338ad42513d,Active,JDK 21-12-2020: Disabled because to many documents are required to advertise there on behalf of customers.
5759fef5-3266-563e-a1da-a052720646e8,Active,Ratecard niet te vinden.
82bf9097-eb96-50b5-a043-3b32aff35a86,Active,11072019 LT: nieuw contract Navingo: Behalve Maritieme vacaturebank. Die valt ook onder Navingo maar mag dus niet worden getoond aan klanten.
e07ea21a-435f-58b9-9fb7-5161f474d40a,Active,"LP 08012019 Overgang naar nieuwe site Carriere.nu gaat niet goed, totdat alle problemen zijn opgelost zijn alle websites van Vakmedianet BL"
f2c3af33-5517-504c-b0c2-547eac61215a,Active,RVR 31-05-2021: Arno Schäfer requested a 5% listprice increase on this product.
2ed9e6ac-3525-58b9-9a73-37fb01e94566,Active,Geen ratecard te vinden
9fdb4504-4dad-5a4c-85aa-5b74c5015981,Active,Geen ratecard te vinden
10da594e-1fa0-543b-9e00-71c6b97d9f32,Active,Geen ratecard te vinden
f90a34f1-8b07-54e3-8cad-5cb204f16982,Active,LP 20/12 RV op basis van tegenvallende resultaten
4d56b406-694a-5c95-9343-85e915f04146,Active,Geen ratecard te vinden
1cb602f6-6bb8-57cb-8e8e-5b57ffca84be,Active,Geen ratecard te vinden
a79fb71a-89cc-585a-a217-e305f78de3ca,Active,Geen ratecard te vinden
f1b0e2cb-cd41-58c7-9b10-61d6f07627dd,Active,Geen ratecard te vinden
db0947a6-a3cd-5517-a3a0-6d402a31b9d9,Active,Geen ratecard te vinden
be4872e0-4162-55ea-9e33-5057bb104d89,Active,Geen ratecard te vinden
775f0746-47ca-5cda-b3ce-98620b830f3a,Active,Geen ratecard te vinden
8f044532-2ba9-53bf-942d-bbfe867992ba,Active,Geen ratecard te vinden
03c71d22-9199-5d75-9f47-d172a8b03a9b,Active,Geen ratecard te vinden
c775ff93-cc83-5d64-9ed5-d83c54df3d16,Active,Geen ratecard te vinden
3f045b3e-cd92-5987-912b-84d5a3cfdf89,Active,Geen ratecard te vinden
7cd303ce-5ef4-5fc0-9d76-8f4c0d049ce8,Active,LP 20/12 BL op verzoek RV op basis van tegenvallende resultaten
7ebf3b7d-f6bf-5e44-a1af-440bc063b74c,Active,"RVR 18-06-2021: Kristian Kopp from Aktor just replied on Shirley's request to post a job on Carriereonline that they can not post on this jobboard anymore.

No RC to be found"
71e91b09-7d2b-51f4-af3c-fd5d5db7c923,Active,"RVR 07-08-2020: website doet het niet meer..

LT 21-08-2019: 15 plaatsingen gratis per jaar"
261a04dc-400a-5850-9cb9-90039cd0faa7,Active,No RC to be found
9a9559a2-fa95-5ba1-8855-880afba14d9b,Active,"LT 21-08-2019: RC = CHF 590,-"
c17ce944-54d4-5916-a925-d032e198c5fd,Active,No RC to be found
ee807c83-e02d-5410-bb02-6b690a100150,Active,LP 04122018 Created by Christian for Decathlon
9a7caef3-0848-527a-9ba1-d4e353fdd3b6,Active,"Inkoopprijs: OPS budget € 150,-"
ad3921ea-55e5-5e8f-b5ff-b8e890f19104,Active,"Inkoopprijs: OPS budget € 150,-"
7c3f0cfa-28f0-5c32-a967-36aa6cbf9659,Active,LP 30082018 Aangemaakt voor Pablo puur om de servicefee te kunnen berekenen in het JMP
5b96a71a-683e-56fd-b0fe-a3d78f3bf9b1,Active,"Inkoopprijs: OPS budget € 150,-"
f1b51a68-a764-5962-baa5-1f5a27adc2b7,Active,"25-09-2020 Königsteiner: ​I'm sorry, but this portal also belongs to JOBSnrw.de now just like niederrheinjobs.de a while back and can therefor no longer be selected as ruhrgebietjobs.de."
b9d657d2-da07-597e-b65a-183ab7c199aa,Active,"Inkoopprijs: OPS budget € 150,-"
bb278e09-bb07-55d6-82e1-ab0f05738cd4,Active,"09-12-2020 RVR: According to Geraldine the posting process has been altered. We need to make new agreemnts apparaently with LeBonCoin. Which is weird because on their website the Argus Group is still mentioned. Geraldine doesnt speak english, sio I ahve asked Ricardo to pick this up. I put this product on Blacklsit in the meantime.


No RC to be found"
d622ac3d-b016-5e83-9708-3110bd470583,Active,"Inkoopprijs: OPS budget € 150,-"
ecdcd06e-f016-5c36-b4c9-2dad386de88e,Active,No RC to be found
0328d972-c8c5-58c1-8e4e-0f0a7ec343d5,Active,Joren: Premium vanuit Aktor
1e5010b9-341d-5f82-af80-ab6d98e0c578,Active,RVR: 29/11/2018: ivm Aktor weer aan gezet. LP 14/6/17 Opschoningsactie Tropische sites
4e991603-e016-5043-b33d-b5843acd55b3,Active,"13122019 LT: Blacklist because Truffls.com works like Tinder, the candidate response is being managed in their backend."
16a18d63-5f93-52c0-8d73-dfcf3fd3f6fa,Active,No RC to be found
733856d6-f7a6-571a-8841-0309580bcce8,Active,No RC to be found
34a574f1-79af-56d2-815f-d203c492bc91,Active,No RC to be found
5021d1fb-05d4-5f5c-9f82-0079655416ef,Active,zie voor inkoopprijzen de Wiki
fcef8d91-8d32-5861-9879-fa921fdacfe2,Active,"note: prijs is voor ENG/FRA/DUI/SPA, inkoopprijs bij andere taal is 130 eur"
0fac9123-6c55-5697-9d70-d837e869f713,Active,20022020 LT: Blacklist ovv Roderick en Farshin - vervangartikel is Social Media Booster Facebook (2489)
138e92bd-d2a9-5696-a9e1-65d40cd840c7,Active,"21-05-2021 RVR: Pricing overruled on request by Christian van Stiphoudt en Lukas Kischka. Because the list price is now over ratecard. (€1003,-) DHL seems to be an important player for Jobvector and they complained about the pricing."
142036b7-9567-54d8-8822-083d25a53b6c,Active,"Nevi.nl is being disabled, they have decided that jobpostings are no longer part of their strategy. A good alternative is inkoopbanen.nl (owned by VakMedianet)"
8cd6d998-2bb5-540f-8914-a3c54e4a9c73,Active,"19122019 LT: RC GBP 120,-"
ec4b030c-1015-590e-8349-59171a99361c,Active,LT: 24-06-2019 Blacklist in overleg met Alexander Boes - Project Cleanup Social products
e95bf4aa-3149-5d5f-9426-0835db28f887,Active,Geen ratecard te vinden
96fd7df5-68f0-5bab-a7d9-c2eab0495c2b,Active,Geen ratecard te vinden
a074f69a-253d-5e93-8364-cb30d2dcca12,Active,Geen ratecard te vinden
4774b632-74cb-5552-80e4-3e440a442009,Active,Geen ratecard te vinden
fe11668c-c50c-5ab2-a710-3f72410e3b1f,Active,Geen ratecard te vinden
6906edea-9436-561a-b318-35b529cebc2e,Active,Geen ratecard te vinden
425d3776-af15-5038-ae2b-2fe2644c6a5c,Active,Disabled
f5862cff-205e-5f7f-9981-8732c69c726c,Active,Geen ratecard te vinden
628d6187-93cf-5c5a-aed6-220b11a3c44f,Active,No RC to be found
f1036296-bc24-5655-a2fa-75fa96bdb95e,Active,Geen ratecard te vinden
0b35eaab-dcab-58b7-b95a-25197ea1eb09,Active,Geen ratecard te vinden
37169be9-3cf3-5d7b-b164-86f5b9b731d5,Active,LP 20/12 BL op verzoek RV op basis van tegenvallende resultaten
aebcf1da-e5d4-585f-a1c4-3fb9fe46c3af,Active,No RC to be found
bf735b04-355f-550c-b624-8161e4548d80,Active,No RC to be found
1d610b15-0fb0-5c98-b048-c99f95fa33fa,Active,Geen ratecard te vinden
749690f8-d7cf-5f3f-bad2-46a4ef662f1d,Active,Geen ratecard te vinden
eb325710-4a7e-50aa-af98-db4a7451a021,Active,Geen ratecard te vinden
5a7262cc-3674-583c-92d6-bb598ed3e616,Active,Geen ratecard te vinden
a20aa729-b86d-5050-95b2-d22535d254c0,Active,No RC to be found
abc1cbcf-ca2d-5521-acd0-c60eb7f56880,Active,No RC to be found
360013a1-2d22-59c6-9826-f9615b3ade08,Active,USD 69 = â‚¬ 61
3d8c7d80-9b70-5d88-99e8-9e322709785d,Active,RVR 31-05-2021: Arno Schäfer requested a 5% listprice increase on this product.
abc728ea-8c07-564d-b014-29ebdb11fce4,Active,"LP 27092018 Om met URL te plaatsen moeten we 2 credits gebruiken, zie mail in procurement box"
3edd5ff2-5864-57c9-91f2-32b229ea2b8b,Active,They dont answer to emails and the phone doesnt work anymore. several numbers are not being picked up.
f9f4acc0-1a8a-5026-bd03-362aa7d50c47,Active,"28112019 LT: ovv RvR: Het produkt ""verlängerung"" moet nog even worden geblacklist. Königsteiner gaat even kijken of zij deze af kunnen nemen bij Jobware."
fea7c740-08e8-5280-8d8c-c0833a6cfff4,Active,No RC to be found
504e3680-a365-5846-aa27-8ea2d298caeb,Active,"Inkoopprijs: OPS budget € 250,-"
6bb90391-1d5d-5fe8-9e32-efb03da021dd,Active,RVR 22-06-2021: Their website doesnt seem to be live so I disabled it.
baeb32c5-5d1e-531f-ba12-16128cb01db5,Active,No RC to be found
ac0d77ea-51aa-5488-a9e1-b655ee535c46,Active,LT: 24-06-2019 Blacklist in overleg met Alexander Boes - Project Cleanup Social products
eb3ccb3b-6d49-5376-b193-1744c74f23e7,Active,Only vacancies with a salary range above £45k
0e73a725-3313-5607-b48b-b748f389d410,Active,Only vacancies with a salary range above €60k
a7ed4fc6-fefb-5347-889a-5e682136f58b,Active,Only vacancies with a salary range above $100k
c63c9fe7-552e-551f-9f0e-489881933e12,Active,Only vacancies with a salary range above €45k
573b0f7e-15d7-5044-b84c-e87e5af3b467,Active,Only vacancies with a salary range above €35k
bb7e9e5a-7d06-5d40-a787-7302cd6693d5,Active,Only vacancies with a salary range above 35K
9d2a65e0-028c-5198-b276-adc1d94153d1,Active,Only vacancies in a salary range above €50K
b25e8d77-2b43-52ae-a878-f2a8ac08a874,Active,Only vacancies with a salary range above CHF 100K
b8c9934e-231a-5492-849a-0d4a820ce4e4,Active,Only jobpostings above 60k
49006dcf-0b20-54c1-9ea3-e237c90d21a2,Active,"Only vacancies with a salary range above €60k

30-11-2020 RVR: blacklisted because Experteer.com is dvided between: eu.experteer.com and us.experteer.com.. They can not be clear about which caniddates it reaches. 
eu.experteer.com is supposedly also for the EU. But Similarweb shows that that domain only attracts American candidates. Therefore the product is unreliable."
a5f3f1dc-a36e-5588-abcd-d5ed09588d74,Active,LT 31-05-2019: Exenzo biedt dit kanaal niet meer aan.
5778c8d2-8ec9-561c-8ad4-d2f8aa396bd4,Active,"10-05-2021 RVR: Joren and Tycho requested a new listprice for this product, in order to be attractive for Manatal (MAPI Partner).

29112019 LT: RC= $220,-"
b12e6101-5174-526d-8edf-e746edd80b11,Active,pilot 3 mnd: 6 mei - 5 augustus
88e53f3b-282b-5da5-b071-1ddef8bd9450,Active,27032020 LT: Blacklist - er is in het nieuwe contract mee 1 product van Nederland Vacature opgenomen
6d89f999-95c3-5db0-9061-0f6f515d7059,Active,16122019 LT: Product wordt niet meer aangeboden in het nieuwe contract
c7deb54d-aa13-5e59-97ed-6524d8fa42d9,Active,"LR 28-04-21 Activated+not active in JMP. Customer placed order for this product and Ops could not process order.

EH 26-04-21 Jobboard was replaced with Euroclimatejobs.com"
7dfcbedb-6f95-5fb8-9785-69e7ebc3da0a,Active,Mail gestuurd naar s-a@lmu.de waar ik het huidige produkt en de prijzen kan vinden
cc4587c5-f457-5277-ac14-adfd1fa84934,Active,03-06-21 SF Blacklisted for not meeting our SLA (see chatter).
517ae5e6-4382-52e2-8029-2126b4722c0b,Active,"26-05-21 SF Blacklisted, because their invoice doesn't match our data and they ignore my eMails to make a proper PA."
b26831a0-ae95-5bd1-9d22-e626dbd89600,Active,Check prijsstelling
8d6a427d-8af4-5b31-ac69-37c7daea7fa3,Active,"31-03-21: SF: Blacklisted, active product: https://vonq.lightning.force.com/lightning/r/Product2/01t0Y000008lln9QAA/view"
2ecb139c-73b7-5323-a3da-930cc08180b0,Active,No RC to be found
4f45bb4f-7055-5c8d-bdea-88076fbf05af,Active,Geen ratecard te vinden
3edd4563-6fc8-5e6a-b841-8f174594c45b,Active,Geen ratecard te vinden
8bb8f909-2651-570c-a01c-55e4e657bcaa,Active,No RC to be found
a5ed199f-1d4d-54a0-8cb1-38deebe82d03,Active,No RC to be found
0efb09bc-074e-5d5c-a485-a126a9a0fddd,Active,No RC to be found
191623ff-c0f6-5410-a950-ef166bb3fe83,Active,No RC to be found
d48a8f40-b631-5c42-a18a-2b43a80372ef,Active,No RC to be found
0eebc8f1-a884-5490-b3c8-f72398565cdf,Active,No RC to be found
1fb27ac1-111f-5a9c-9bdd-4980c7a7bf39,Active,No RC to be found
ff4924e2-d2b8-5d8f-9615-a9f70cee138e,Active,No RC to be found
1dc1085d-c51c-504b-bdfc-2df5b5cb4cb2,Active,No RC to be found
13828687-cd42-52bc-bd37-6d772ef6c5a3,Active,RVR 31-05-2021: Arno Schäfer requested a 5% listprice increase on this product.
dc4a2dbf-0998-5e95-a97d-ea501b51769d,Active,No RC to be found
31b36d55-b1a3-558b-9ce6-335ab5358378,Active,No RC to be found
5c282bec-aef3-5df5-abb7-e6136ec116e7,Active,20072020 LT: This product is no longer offered
c5ff8ffa-905d-5ac6-ab72-e7eeedeced04,Active,No RC to be found
1a8725f1-be0b-520c-81b4-7f6e5f6dad84,Active,"10-05-2021 RVR: Joren and Tycho requested a new listprice for this product, in order to be attractive for Manatal (MAPI Partner).


LP 18012019 RC 395 USD, Inkoop USD 335,75"
cef72646-a51c-546d-8858-6b00b9208a6c,Active,RVR 31-05-2021: Arno Schäfer requested a 5% listprice increase on this product.
d47a021d-7599-5a97-83f1-b239701779de,Active,Created by Christian v.St. for BNP
56daa087-608c-52a3-bb75-6cc8db778d14,Active,No RC to be found
7f811fc8-7f81-523d-aa10-205c5e9661df,Active,Geen ratecard te vinden
8c9ed715-e0d3-5ca6-9d0e-08889db63020,Active,"Inkoop 1.995 Deense Kronen, nog geen inkoopprijs, indien vaker inzetten is een prijs per 5,10 of 25 credits voorraad aantrekkelijk. Betalen vooraf per CC"
3cbfda3c-b7e5-5640-95ef-18c4c8deca54,Active,Geen ratecard te vinden
64d2564d-1672-5b5e-975f-1468f8701dfb,Active,28012020 LT: Disabled - product wordt niet meer verkocht.
03a8bea6-77a8-5fe7-b4a3-39c4fe96a695,Active,Geen ratecard te vinden
c37b78d7-4590-513a-b598-df6101258d69,Active,SF 20-04-21 Blacklisted on Renata's request. They do not offer job posting any more.
839e5304-9f1f-57ed-9c8d-01ac25643311,Active,https://www.seedquest.com/jobs.php?do=signup&type=job
b659fda3-4767-5eb5-9252-9402fe840df7,Active,9 dec: niet meer via monster
17b44926-018b-5695-8900-9448cf132c67,Active,9 dec: niet meer via monster
1c579ec2-4180-52d8-8304-c25ab3aaa070,Active,9 dec: niet meer via monster
8d822677-797a-54f3-8cb5-5be694e75204,Active,Site verwijst door naar https://www.abdijvanegmond.nl/
813a38af-5ff4-5396-bb19-7d86f5a788c5,Active,No RC to be found
9b8c9a02-7b9b-532f-b10c-e02c0f02acb5,Active,No RC to be found
9c78ef2f-8172-5225-bc9c-f77accd7cfad,Active,No RC to be found
fa4b76e5-49ae-58fb-890c-c30c5531d877,Active,No RC to be found
9449e1b6-4432-5638-b80d-663a6cf52c01,Active,No RC to be found
72a694cf-4f08-560e-98b9-f5d6fc1718de,Active,No RC to be found
90f5bea8-653f-5335-94b6-a62cfd778506,Active,23012020 LT: Blacklist ovv Roderick omdat er geen vacatures op de website staan
30a44c68-b989-5093-852f-2949b5acc906,Active,"LP 15012019 op verzoek van Lena / Shirley gecreeerd, deze vertaling worden door VONQ DE uitgevoerd"
15fbcbb6-c9e6-5ea6-8880-9dca5357f7d2,Active,"LP 15012019 op verzoek van Lena / Shirley gecreeerd, deze vertaling worden door VONQ DE uitgevoerd"
24a3fe61-c164-5ebe-9b1f-063998cccc46,Active,Created by Christian v.St. for BNP
5def04cc-e1f1-54e9-9150-1e10fbd3168b,Active,Op de site staat dat er alleen een combi van Online en print mogelijk
6c6872c0-086c-5bc2-9831-cf2db44ca508,Active,Op de site staat dat er alleen een combi van Online en print mogelijk
08dbe35f-3caa-5e39-9bdd-f949dca114d1,Active,Kan geen (online) vacatures vinden. In de mediakaart ook alleen maar offline advertentie mogelijkheden
21fee404-cf68-5ab4-b192-ffc1a2c26e92,Active,No RC to be found
4d132b4a-1be9-51f5-ac5f-710ba0980ee2,Active,07042020 LT: Leverancier stopt met deze site ivm capaciteitsproblemen
c42e02cd-4e4e-5cd8-a57c-f03833dd64f6,Active,JDK: Feb 23 2021: JobTeaser can't facilitate partnership due to budget cuts. Check in Q4 2021 again.
30610e1c-156f-55c3-b259-4836fa1bfcaf,Active,JDK: Feb 23 2021: JobTeaser can't facilitate partnership due to budget cuts. Check in Q4 2021 again.
d6301e1b-7e28-5778-b367-8cae4e0932f7,Active,18042019 - Thomas van Plateringen belde op dat deze kanalen in eht JMP aan stonden. Dat mag niet. Vandaar even op Blacklist.
da9aaaa3-3dac-5d8c-ba78-b6dbab91fe1f,Active,18042019 - Thomas van Plateringen belde op dat deze kanalen in eht JMP aan stonden. Dat mag niet. Vandaar even op Blacklist.
4ace3109-5a23-5160-8c43-66ba392fb84f,Active,Met deze posting komt de vacature op alle sites binnen het netwerk van graduateland.com
0027ee08-051c-52a5-8d80-32e51f989f99,Active,"16-10-2020:  Since the mission of AcademicTransfer is to bring all our jobs to an international audience, Careeredu.eu merged with AcademicTransfer."
ad5b75fa-9b57-5827-ad98-a6bb021f3ecd,Active,LT 31-05-2019: Exenzo biedt dit kanaal niet meer aan.
f1313439-e733-5caa-b816-3f6661bbd7d4,Active,Geen ratecard op de site te vinden
5384abc5-3c28-5373-96c5-1e300f918ed2,Active,RVR 20-10-2020 : Pricing has obviously changed ao we need to put a new partnership in place.
f979aaa6-929c-5db5-9727-460217b90341,Active,Active Dupplicate: 01t0Y000006rJYgQAM
f45b0724-5cd0-59dc-bc91-ec1d52ef0a6d,Active,No RC to be found
5ddb2891-8fb2-5759-b8c6-ff098a99c579,Active,RVR 12-05-2021: Henner wants to change our Partnership and decrease our discount. We have done 8 postings in 3 years. So I cant buy any credits. The clickratio is pretty good but not very stable.
e28137a3-1a7b-5d3f-90fc-4be5343bb5df,Active,"Yvonne Kohn 21-10-2020: wie schon im Februar angekündigt, wurde NGIN Food und Mobility aus unserem Programm genommen. Wir bieten diese beiden Formate leider nicht mehr an, auch keine Events mehr."
49fb98e4-d8d1-5431-9a4e-2d5e11c875da,Active,RVR 20-10-2020: THe domain if NGIN seems to be redirecting to Gruenderszene. We are tyring to establish what happened with the supplier.
46629e75-0f1d-5ec5-a878-b712a8634ed7,Active,"LP 31122018 Topjob verwijderd, deze hebben we tot vandaag gratis aangeboden gekregen"
6624c2a0-1307-5d39-81c6-ef033e91fa15,Active,"RVR 31-05-2021: Arno Schäfer requested a 5% listprice increase on this product.

26-03-2021 RVR: Due to an increase of €15 on the pruchase price, the new list price turned out o be € 1031. (An increase in list pricing of €150). Madeline wanted to overrule this formula and put the old pricing back."
7037c553-0f76-5fb2-a57f-d2c01ebc495f,Active,RVR 31-05-2021: Arno Schäfer requested a 5% listprice increase on this product.
5ae15bbd-9f9f-5f5c-8321-e2ba743e42bc,Active,"Geen ratecard te vinden

SF: We could also purchase this product via Personalwerk for 360: https://vonq.lightning.force.com/lightning/r/Contract/8000800000ApAa1AAF/view"
f38ecdae-93e1-5e45-a556-29a1566c0aae,Active,"RVR 20-02-2021: I have blacklisted this product of Königsteiner, because it is now cheaper if we buy it from the publisher directly."
9334abba-7947-5a1f-b2b6-a2dd24982dbc,Active,RVR 31-05-2021: Arno Schäfer requested a 5% listprice increase on this product.
c2df36ff-572b-59d5-ae69-8132c02b364d,Active,RVR 31-05-2021: Arno Schäfer requested a 5% listprice increase on this product.
2a33497a-caa7-5ea7-bad6-dbaa488e080b,Active,Geen ratecard te vinden op de website
077b7098-30ff-56c9-94d4-6dcd3ea960d1,Active,02-10-2020 RVR: Blacklisted because we need to establish a Partnership and posting process with this channel with Blocket.se first.
4fafa6a2-5eb7-595d-adfc-2203ec87e8a0,Active,Geen ratecard te vinden op de website
d4cad763-b1cf-532a-88bf-801acc7ea656,Active,LT 31102019 Blacklist door technische wijziging kan er momenteel geen vacature geplaatst worden.
1e171219-aa2e-5e0a-ae00-d7db0903935c,Active,16122019 LT: Product wordt niet meer aangeboden in het nieuwe contract
74245f4a-ea8b-592c-9e3d-1fa5abf7cd17,Active,16122019 LT: Product wordt niet meer aangeboden in het nieuwe contract
e4dec2f0-5c07-5a1c-8daa-56de6e728461,Active,"LP 31072018 Premium product CHF 850 = EUR 735,00"
a6d1d939-73f8-58a6-9b0b-7ced2938dd7e,Active,ratecard = 200 eur nieuwsbrief + 200 eur online posting
d3a1d098-d51c-58e3-84c3-bf96318d03ef,Active,*TestNieuws is no longer running.
c602e42b-bbf6-5869-90e5-b4724fe24b5d,Active,"16-10-2020 Philipp Theege: Hi Roderick, we cannot offer you Jobsterne.de for you anymore."
40f370d0-7c7d-5a43-835c-bcf42662fb60,Active,No RC to be found
b1368ba2-80bc-501f-ae46-88b90f871974,Active,"Vanaf 12-1-2018 Netherlands, daarvoor international data"
597a626f-0c57-5d23-84a9-35b74dea560d,Active,26022020 LT: Blacklist - kanaal is niet langer onderdeel van Königsteiner
89875c35-8ac4-5501-b410-e8f8c455c1f9,Active,"26-01-2021: Natasha Tulip: ""it is with regret that I would like to inform you that we are taking the site offline this week, and shall no longer be taking any more orders from clients. """
bbe9e425-dbb3-522b-bc4c-6d137c8321a1,Active,"16-06-21 SF blacklisted on request of Dasjeffy, because we could not post a job here"
9d667a7d-2cd1-5789-b6a4-d2225349a1fe,Active,RVR 31-05-2021: Arno Schäfer requested a 5% listprice increase on this product.
6fa4a3b0-7a23-571c-a36e-ccbd70849b3c,Active,used when booking off expired credit
e427f82c-7b36-5332-8c07-d2df9b245e37,Active,Website niet beschikbaar
2f037e33-7532-540f-b361-fff633b57504,Active,WAIT until new PA is in place
b5f53ad1-e3bd-5b83-b62f-3162cdf19a4f,Active,05-04-21 SF I blacklist this one till new PA and proper delivery method
407cdd4c-bd0a-5c8a-85d8-a9b7fbf9e65a,Active,LT 07-05-2019: Ondanks Tropical toch in JMP ivm test
7fe167ed-8d0e-59f0-981f-60435b9eef12,Active,Enhanced posting GBP 850
09d57ca8-4a5f-55cc-a34a-15b02feeae16,Active,Ik kan geen (online) vacatures vinden. Moet contact opnemen voor advertentie mogelijkheden
00394631-2966-54a0-9988-e5a408447231,Active,"995 GBP - 10% = 895,50"
6dfac0a3-bc5f-55d3-8007-d289532f39f7,Active,"Feb 2021: The price changed, waiting for a new PA"
6495c06c-b18b-5efe-869f-8e3026a22274,Active,LP 31122018 Deze website wordt niet langer door MBM aangeboden
8146ab11-7a0b-5016-93ac-833baca2356b,Active,"RVR 31-05-2021: Arno Schäfer requested a 5% listprice increase on this product.

LT: 29-03-2019 Melkkoe dubbelcheck met Lisette en Frank"
330efac1-3419-529f-bc88-5f75402e46ab,Active,wordt niet meegenomen in benchmarking!
017e94db-00a2-5f14-8a1d-b0415e76ccf4,Active,kick back fees for partners on portfolio products
e0d19642-f499-5e13-8549-3934517164e4,Active,"Inkoop is â‚¬ 65,- per uur"
90a9b111-8aba-5d0f-8abf-376424e94b19,Active,Fee to post campaigns by the VONQ Operations team
efae2dfa-2f12-5b7b-b590-1446b14f4a6c,Active,LP: Op verzoek van Sanne om Wokrshop te kunnen verkopen via de consultants
3058509c-ee67-5188-9f15-e263d7e59f56,Active,https://www.vertaalbureau-perfect.nl
9cfe17b3-7751-5528-9b61-daccc62b94d7,Active,inkoop 500 - 15% korting
21b64ae8-2022-5c32-ab64-41bc0c1958ef,Active,No RC to be found
dff386e9-3c19-50de-b1a8-8f1b4b1ab353,Active,No RC to be found
474c0245-e69d-5583-9ce9-d12ef12f087e,Active,No RC to be found
d8f0b611-57f1-5f07-923d-d85f999d5089,Active,No RC to be found
25698d75-f2dc-5fdf-8924-7118c5ac663f,Active,"Felicia Hack 22-06-2021: The supplier just told me that they do not offer ""Supply Chain Movement"" anymore. Could you please blacklist the product?"
aa9727aa-9edf-5b4a-96c0-8013beb5fed2,Active,RVR 31-05-2021: Arno Schäfer requested a 5% listprice increase on this product.
289ce070-4785-56da-9c72-e468aa9e90e4,Active,RVR 31-05-2021: Arno Schäfer requested a 5% listprice increase on this product.
618ac44a-403d-5601-aef8-ae726b0ed76a,Active,"inkoopprijs 50 eur, 1e 6 plaatsingen gratis (juni 2015)"
29dddf8c-18f3-5889-8fb6-26b56224c00f,Active,"06122019 LT: Het TIC Huis heeft zelf het PA opgezegd, omdat zij de te hanteren levertermijn niet kunnen waarborgen."
71af559a-bd85-5acd-883c-33a0df6f6094,Active,"06122019 LT: Het TIC Huis heeft zelf het PA opgezegd, omdat zij de te hanteren levertermijn niet kunnen waarborgen."
fd6b77cc-8dbf-5139-b463-89cce5f9b906,Active,"06122019 LT: Het TIC Huis heeft zelf het PA opgezegd, omdat zij de te hanteren levertermijn niet kunnen waarborgen."
8f63576f-736e-565e-9bf4-78fb680e6ea6,Active,"06122019 LT: Het TIC Huis heeft zelf het PA opgezegd, omdat zij de te hanteren levertermijn niet kunnen waarborgen."
cd03c984-30e5-58bc-9037-b56465e4c0f6,Active,13122019 LT: Blacklist ovv Lena Wahle
022ac523-2662-59d3-ad92-0c488de80688,Active,LP: Op verzoek van Sanne om Wokrshop te kunnen verkopen via de consultants
763cc14b-6c11-574c-9779-267e11c9386c,Active,13122019 LT: Blacklist ovv Lena Wahle
a8e6a67d-6654-56ca-996c-1dc80ee16468,Active,"RVR 02-03-202: Turns out the channel Immobilienzeitung and IZjobs are the same. So this product is a duplicate and I will shut it off.. There has been only one posting, with a clickratio of 8 under this product."
77d0924e-aaa5-543c-a7e3-4abd9ac322e3,Active,RVR 02-12-2020: This is the careerportal for their recruitment agency in Amsterdam.
8e3599c1-3284-5b47-ad27-143f85a32225,Active,LT 29-03-2019: Na zware gesprekken met JobsRepublic in overleg met Roderick niet in JMP recommender
ec32eec7-1533-5377-a7c6-cdaac30ac73f,Active,"Hebben een eigen adviestool gemaakt om meerdere kanalen via hen te bestellen (ala Vonq) 
 https://campagne.ambitie.nl/nl-nl#suggest-campaign?title=sales%20manager&provinceId=22&functionId=3&educationId=8

*Job postings to the NDC group need to be in HTML format."
ae57f420-0a1f-501d-acdd-51edf2dcfc1b,Active,25% agency discount
3d3633a6-36ef-530d-a6f9-6afee752c69f,Active,Nov2020: disabled because our customers need to deliver 3 documents before actually being able to post.
0cbab4a0-e26e-57c1-b551-73a4853fb396,Active,Mail sturen waar huidge produkten en prijzen gevodnen kunnen worden.
67f50d9f-0f1e-5a4b-9144-ba6210586db5,Active,No RC to be found
947423cd-5a8e-5657-9ae9-279c46c40e1e,Active,RC is USD 399 => EUR 350
3d60ab25-ddc4-51bf-b760-f2a64890a1f8,Active,RVR 31-05-2021: Arno Schäfer requested a 5% listprice increase on this product.
b03aa545-ef66-52fa-a2c7-9c232e8c4b4f,Active,"Valentine Reuzer: ""Automotivevac is niet meer actief en gaat binnenkort offline."""
80eebe6c-12d3-5684-a93a-c01f837b421b,Active,Out of Business
f9dc528b-1773-5744-8b0d-8f2869d17997,Active,"LP 29062018 RC 3900 NOK, Purchase NOK 3315 (Dagkoers + 5%)"
452d9c4e-e335-5f61-b8c1-3951194ef309,Active,No RC to be found
925cdc6f-8ebe-56cd-b8ae-fe167b204d46,Active,25112019 LT: blacklist op verzoek van Joren ivm ingekochte voorraad via Monster (desqID 396)
20b3088e-bd90-5e8c-adbb-35dd84c26ce6,Active,Vragen waar dit product uit bestaat (is additioneel)
165dcdd7-699e-58c5-aed5-60ed3a3162c4,Active,"RVR 20-11-2020: Zijn gestopt met Jobs in Hotels

site klopte niet (https://searchco.nl/)"
c58b09d1-f4b8-5fad-a42a-3b933aa7db1f,Active,"RVR 10-06-2021: Martin Brestal left the company and they do not wish to honor the PA we setup with him. Adéla want us to login and post manually now, but i norder to post for our customers she needs to setupp subaccounts which she is hesitant to setup. My new person of contact is very slow in the communication so I am not sure if we can guarantee a 48 hour delivery posting. She also wants us to purchase credits now.

Produkt niet op de site te vinden."
76433ef2-0479-59d6-a1a8-98de643b8117,Active,RVR 31-05-2021: Arno Schäfer requested a 5% listprice increase on this product.
682d880c-1271-5359-9327-7dbdf520fe0a,Active,RN 24-10-17: per 1-1-2018 alleen nog doorplaatsing vanaf de regio vacaturebank sites
08af5cbc-a124-5a9b-a913-7840e8ddd09f,Active,RVR 31-05-2021: Arno Schäfer requested a 5% listprice increase on this product.
2ac2c6d4-41d9-50b7-99dc-89d15c90a957,Active,Jobs need to be delivered in Dutch.
060fa054-ef87-58ca-b92b-9a94949a5030,Active,"LP 12/4 FvD heeft dit product de prijs laten aanpassen naar de 'oude' prijs van voor de prijswijziging op 12032018, zie mail procurement@vonq.com label:Overruled"
f8a4e534-cef2-57b6-a0d5-c42177f9264b,Active,4 weken
8c424144-ffaf-5f31-9b9f-efb7803bbdee,Active,UTA Jobs
ac662385-1516-52a2-b206-ac86021e7b0f,Active,LT 29-03-2019: Na zware gesprekken met JobsRepublic in overleg met Roderick niet in JMP recommender
dca49725-5493-5d47-9c3e-fb5861fb9594,Active,30122019 LT: as a result of to high costs and low profits waterjobs.nl will be offline from the end of december 2019
730995b8-5814-5bef-a7e1-90663adcfad9,Active,RVR 31-05-2021: Arno Schäfer requested a 5% listprice increase on this product.
17f2b052-cbe4-58af-89f2-0a9d556479e7,Active,geen HTML mogelijk
45456655-9db1-52c2-9266-c254b11704b2,Active,inkoop = 120 USD
4f44c450-232b-565e-b255-c1fa27d28a5d,Active,RVR 31-05-2021: Arno Schäfer requested a 5% listprice increase on this product.
c8f2f1f9-7a83-574c-aaa1-480300916d58,Active,"RVR 02-12-2020: Kaggle said: ""Kaggle has depreciated our feature to post jobs, and aren't sure if it will be returning""

LP 09012018 Het product staat met akkoord van Joren op producttype Premium INT"
de817ad7-0a62-5339-87a7-0ee0e7cdba57,Active,"LT 23102019 RC: $100,- ; Purchase: $70,-"
4df4360f-f3cf-5720-8895-8bc8575410f9,Active,No RC to be found
b09fdf06-a308-5ca9-9757-e4b72f96d8cd,Active,"RVR 31-05-2021: Arno Schäfer requested a 5% listprice increase on this product.

13022020 LT: ovv Madeline aangepast naar Premium voor nieuwe pricing 2020"
258845f6-a55d-5d37-be4f-828f9bf0b74d,Active,RVR 31-05-2021: Arno Schäfer requested a 5% listprice increase on this product.
ea1bdbde-7a48-5b34-81ab-9b0f079147a0,Active,Produkt niet op de site te vinden.
0a4c144b-b52e-586c-a048-d72b8a3a06b6,Active,RVR 31-05-2021: Arno Schäfer requested a 5% listprice increase on this product.
86c1a91b-d57d-533a-8dfd-efe5b69e512a,Active,"EH 25-05: ""This product can be blacklisted. Should be going through IGB, but something is wrong with the connection, and both me and IGB could not get in touch with them for a long time. So, we can't post on here right now."""
16b0ed0e-ff0f-5039-95fe-5bc0de00696c,Active,No RC to be found
f4453fd1-773a-5e01-9dcc-b4b7771720b7,Active,RVR 20-10-2020: Mrs. Kaiser would like to end the partnership since we didnt meet their expectations of posting 20 jobs a year. They normally do not give discounts. We can only get 10% it if we purchase credits upfront.
2e06f0b2-1d2e-52cd-9a00-2a43ce63b5f8,Active,14112019 LT: Vervangend product: Bdmjob (DesQID 3523)
f0dcd901-420a-5490-b2fc-e21cf9fadddb,Active,"10-05-2021 RVR: Joren and Tycho requested a new listprice for this product, in order to be attractive for Manatal (MAPI Partner)."
d6d887a3-5934-5864-960b-458ba5b92005,Active,"06032020 LT: RC = $297,-; Purchase Price = $209,95"
0e3a550a-b049-5bbd-804b-c244c54bf0c8,Active,"19032020 LT: RC: $499,- Purchase Price $424,15"
49a93ad3-41ee-5561-87cb-b62a0a8b0bac,Active,"19032020 LT: RC:$180,-; Purchase Price: $153,-"
b0f2b652-332e-5d47-9789-b9fd352085f4,Active,"19032020 LT: RC; $495; Purchase Price $420,75"
f7a19bca-bcb0-58e3-b65e-2b05418b1cf3,Active,"23032020 LT: VONQprijs tijdelijk op €0,- iov Joren"
5c9f544b-b43c-557c-a25e-88f8b311b70f,Active,"17032020 LT: RC=$299,- ; Purchase price $254,15"
796bb971-6afa-53de-9bb2-8866d33cec7e,Active,"30012020 LT RC = $600,-; Purchase price: $510"