headline,target_function
service delivery manager
adviseur innovatie & dienstverlening
griffier
adviseur natuur
teamchef basisteam midden-twente
projectleider huiselijk geweld en kindermishandeling
(senior) edp-auditor
adviseur riolering
teammanager gebiedsexpertise
adviseur werving en selectie / recruiter
contract- en leveranciersmanager
senior landschapsarchitect
senior adviseur formeel recht douane
businesspartner control dienst bedrijfsvoering en bestuursdienst
domeinarchitect informatievoorziening douane
inspecteur diergeneesmiddelen
business controller dienst stedelijke ontwikkeling
kwaliteitsmedewerker forensisch laboratorium fiod
sportservicemedewerker
postdoc in molecular biology
senior adviseur elektrotechniek rijksvastgoed (utrecht)
strategisch inkoop- en contractmanager
teammanager ingenieursbureau den haag
financieel raadsadviseur/commissiegriffier
analist plantenbacteriologie
medewerker vergunningen wabo
specialist event & monitoring
adviseur inkoop
teammanager procesondersteuning
beleidsontwikkelaar gebiedsgericht werken
system engineer z/os
landschapsarchitect ingenieursbureau den haag
technisch informatie analist
ambitieuze jurist met affiniteit met de wob
coördinator facilitair, arbo en milieu
specialist financiële administratie
adviseur omgevings participatie
senior programmamanager dienstverlening
directieadviseur
manager communicatie en klant contact
functioneel beheerder analytics infra
strategisch adviseur interne communicatie
afdelingshoofd operationele taken wegverkeersmanagement
projectsecretaresse
adviseur strategie
ervaren projectleider
it beheerder/ontwikkelaar
consulent onderwijsondersteuning zieke leerlingen
devops-engineer applicatiebeheer
inkoopspecialist
teamleider schade
projectmanager verkenningen en planstudie
senior adviseur milieu en ruimtelijke ordening
senior inspecteur administratieve controle en edp-audit
ketentester inkomstenbelasting
planner bedrijfsbureau - groenbedrijf den haag
clusterhoofd terreinbeheer
maatschappelijk werker veilig thuis haaglanden
hoofd zorg
beleidsadviseur werk
behandelaar bezwaar, beroep, klachten
medewerker planning & control
senior test engineer douane
lead it-architect toeslagen
opdrachtgever/projectleider infrastructurele installaties
adviseur gezonde leefomgeving
teamleider beroep
adviseur overdracht vastgoedinformatie
ict adviseur ingenieursbureau den haag
senior information security officer en plaatsvervangend ciso
energiecoördinator
productgroepmanager epidemiologie en gezondheidsbevordering
sociaal casemanager
arbeidsjurist
mentorplus handhavingsorganisatie
beleidsmedewerker kwaliteitszorg
technisch adviseur vaarwegmarkering
groepshoofd bedrijfsbureau
data - analist
edp-auditor douane rotterdam haven
privacymedewerker
senior projectleider complexe plannen
transitiemanager
senior beleidsadviseur jeugdbeleid
engineer infra buitenbekabeling
specialist open source intelligence
technisch specialist oracle (forensisch domein)
werkvoorbereider civiele techniek
cloud engineer
technisch observant fiod team observatie & techniek
gegevensbeheer
junior vastgoedadviseur
(senior) contractmanager dynamisch verkeersmanagement
functioneel applicatiebeheerder met een milieukundige achtergrond
plaatsvervangend (plv.) voorzitter
technisch adviseur installatietechniek werktuigbouwkunde
advocaat in dienstbetrekking - civiel recht
administratief medewerker douane schiphol (vmbo/mbo)
technisch beheerder laboratorium
senior adviseur fytosanitair
senior adviseur subsidies
softwareontwikkelaar fiod
controlemedewerker belastingdienst grote ondernemingen
financial controller – sociaal domein
viroloog/fytopatholoog
adviseur nautisch beheer
project manager planstudies
beleidsadviseur watersysteemkwaliteit
procesoperator
taxateur, bedrijfsmatig vastgoed
technisch analist douane
senior oracle dba
senior jurist
treinverkeersleider amsterdam
it security officer
solutions architect
strategisch aanjager schuldenlab070
analytics consultant belastingdienst
business intelligence analist
beleidsadviseur waterveiligheid/instandhouding
medewerker contractbeheer
adviseur maatschappelijk vastgoed
onderzoeksassistent teeltonderzoek glastuinbouw
concernadviseur informatieveiligheid
senior adviseur interactie
technisch manager ipm (s12) ingenieursbureau den haag
senior inspecteur brexit
hr adviseur
medewerker douane landelijk tactisch centrum (mbo)
wmo beleidsadviseur
specialist interceptie en sensing
front end developer
laborant / beheerder bacteriologische collectie
servicedeskmedewerker met affiniteit voor it
studieadviseur
adviseur omgevingskennis
senior webredacteur
secretaris bewonersparticipatie
themacontroller
senior adviseur leefomgeving applicaties
teamleider inkoopadvies
senior beleidsmedewerker china
communicatieve marketeer
it-auditmedewerker douane rotterdam
fiscaal jurist douane arnhem
functioneel beheerder peoplesoft hcm
compliance coördinator luchtvaart
technisch specialist vmware forensisch domein
adviseur subsidies en contracten lo
procesmanager factuurstromen
opgavemanager data in beleid
junior adviseur industriële automatisering
adviseur planning workforce management & control douane
medisch adviseur centrum voor bevolkingsonderzoek
hoofd perspectief op werk
coördinerend expert verkeerskunde
contract adviseur
projectleider verkenningen en planstudies
frontlijnwerker - werken in en voor de wijk
strategisch contractmanager categoriemanagement logistiek
technisch specialist mainframe
evolutionary biogeography of microbial networks
consulent armoederegelingen
medewerker bezwaar parkeren handhavingsorganisatie
anesthesiemedewerker (kinderchirurgie en obstetrie)
informatieadviseur
senior domeinmedewerker onderwijsbeleid
fiscaal specialist invordering
controleur openbare ruimte
landschapsarchitect
specialist middleware hosting
hoofd klantbegeleiders jongeren perspectief fonds
beleidsadviseur armoede en schulden
junior inkoopadviseur aanleg en onderhoud
hoofd collectie & presentatie
bode stadhuis
raadsvoorlichter
verzuimcoach
consulent bijstandsbesluit zelfstandigen
jobrapido august 2020 (202002356)
locatiemanager
bemiddelaar arbeidsgeschillen
senior adviseur logistiek
senior technisch adviseur infrastructuur
rio - rechters in opleiding| ruim
functioneel ontwerper medior
system engineer windows server
technisch medewerker tunnels
senior performancetester
afdelingshoofd hrm
coördinator kwaliteitscontroles douane
directiesecretaris iv uitkeren
verpleegkundige uitbraakteams covid-19
opzichter
continue werving ot maart 2020 - linkedin februari
adviseur waterbeheer
coördinator - team duurzaam informatiebeheer
leraar
projectmanager pr & communicatie
senior media-analist
projectsecretaris maatschappelijke opvang
continue werving tot maart 2020 - facebook januari
ontwerper infrastructuur packaging
juridisch adviseur algemeen bestuursrecht en wet openbaarheid van bestuur
projectinitiator energie- en klimaatneutraal aa en maas
toezichthouder cultuur techniek ingenieursbureau den haag
programmamanager stedelijke en regionale hoofdstructuur
coördinator programma asbest
(financieel) adviseurs en controllers
system-engineer middleware
medewerker invordering
interne communicatieadviseur
werkvoorbereider sportaccommodaties
klinisch informaticus in opleiding
docent algemene chemie
continue werving tot maart 2020 - indeed cpc - maart
hoofd werkoffensief +500
senior verkeerskundige bereikbaarheidsregie
informatieanalist / functioneel ontwerper
assistent ict
projectleider vastgoed
arts maatschappij + gezondheid en affiniteit medische milieukunde
senior beleidsadviseur jeugdparticipatie
senior adviseur informatiebeveiliging
senior inkoopspecialist
functioneel beheerder analytics (schaal 11)
strategisch inkoper
bouwkundig projectleider
ict trainee test automation engineer
senior system engineer applications
assistant professor (tenure track) in crustal tectonics
senior relatiebeheerder externe samenwerking
zaaksanalist - team analyse en onderzoek
kostendeskundige
adviseur chemische veiligheid
senior adviseur elektrotechniek
functioneel beheerder
adviseur ondergrondse infrastructuur
voorzitter onafhankelijke bezwaarschriftencommissie
sociaal verpleegkundige infectieziektebestrijding & reizigerszorg
directievoerder constructies
fiscalist formeel recht
chemisch analist landelijk douane laboratorium
hoger veiligheidskundige
taxateur, landelijk- en agrarisch vastgoed
adviseur leren en ontwikkelen
senior inkoopadviseur kennis
clustercoördinator verkeersveiligheid
teamleider - real time intelligence center
ontwerper met affiniteit voor cobol programmeren
senior system engineer
teamhoofd handhavingsorganisatie
digitaal coördinator cyber enabled
senior strategisch inkoper
servicedeskmedewerker
functioneel beheerder fb generiek
junior network engineer
medewerker douane rotterdam (hbo)
medior it infra specialist
storage exploitatie specialist
system engineer api management
senior domeinmedewerker beschermd wonen en maatschappelijk opvang
business analyst
hoofd bedrijfsvoering
it architect omzetbelasting
medisch teamassistent centrum seksuele gezondheid
toezichthouder civiel ingenieursbureau den haag
wegverkeersleider rhoon
verlenging doelgroep campagne - uren - feb- 2020
projectleider techniek sportaccommodaties
analist/ontwerper met affiniteit voor coördinatie
jobrapido october (202003108)
gebiedsbeheerder beheer en onderhoud watersysteem
productowner documentum, captiva, appworks, rma
programmasecretaris mobiliteitsmaatregelen binckhorst-cid
senior netwerkbeheerspecialist
online content maker voor de interne en externe kanalen van ocw
technisch manager natte infrastructuur
medewerker beheer en onderhoud
junior facilitair medewerker
gegevensbeheerder woz (wet waardering onroerende zaken)
centraal functioneel beheerder
junior specialist communicatiesystemen
medewerker douane schiphol (hbo)
operationeel productmanager hosting- en integratiediensten
medewerker kwaliteit informatiebeheer
specialist database hosting en ontwerp
inkoper
senior business controller iv
behandelfunctionaris intensief toezicht toeslagen
scheepvaart operator
monteur (technisch medewerker a)
coördinator hr beleid en specialistisch advies
junior jurist omgevingsrecht
technisch adviseur werktuigbouwkunde
directievoerder civiel ingenieursbureau den haag
adviseur geothermie
credit tweakers (cn00000002557)
adviseur publiek-private samenwerking
regiseur asset management
senior it-architect
senior medewerker salaris, finance & control
changemanager informatiebeveiliging en security
teammanager neurologie
security architect
technicus / webontwikkelaar
themadirecteur
hoofd vastgoedportefeuille management bij de cvdh
senior database-administrator oracle e-business suite
medewerker bezwaar handhavingsorganisatie
rechter in opleiding - landelijk
beheerder werktuigkunde
medior software engineer
scheepvaart operator campagne - social programmatic
ontwerper groen
juridisch adviseur verkeer & beheer
medewerker arbeid / werkbegeleider jc zaanstad
werkvoorbereider civiel sportparken
manager innovatie advanced analytics
technisch trainee
projectleider bediening tunnels
adviseur informatie beveiliging
tax accountant
adviseur verkeersdoorstroming
klinisch verloskundige (in opleiding)
endoscopieverpleegkundige (in opleiding)
senior projectmanager stedelijke ontwikkeling
senior beleidsmedewerker energietransitie
senior woordvoerder - communicatieadviseur korpsleiding
senior it specialist beheertooling
aanbestedingsjurist
adviseur duurzame stedelijke ontwikkeling
beleidsmedewerker mobiliteit / verkeerskundige
senior businesscontroller dienstverlening
hogere veiligheidskundige douane
solution architect infrabedrijf meldkamers
onderwijsplanner
progammamanager
contractcoördinator
data-analist quality control
bestuursadviseur voor de burgemeester
projectmanager omgevingsmanagement ingenieursbureau den haag
procesadviseur
domein architect
procesbewaker
senior adviseur bedrijfsvoering toeslagen
projectleider informatievoorziening & it
information security specialist
system engineer sql server
bim modelleur ingenieursbureau den haag
scientist hirise project
procesoperator rwzi oijen
(senior) adviseur juridische zaken
continue werving ot maart 2020 - linkedin januari
software engineer
credit facebook march 2020
senior financial controller dienst stedelijke ontwikkeling
it-auditor rijksvastgoed
intern controleur
contractmanager en inkoper
senior technisch medewerker werktuigbouwkundige installaties
medewerker concentratietoezicht zorgmarkten
recovery verpleegkundige (kinderchirurgie en obstetrie)
sociaal verpleegkundige reizigerszorg
teamhoofd facilitair & veiligheid
planningsexpert
accountmanager cybercrime publiek-private samenwerking
medewerker douane amsterdam en schiphol (mbo)
voorman aanleg - groenbedrijf
senior front end developer
epidemioloog promovendus soa onderzoek
coordinator bedrijfsvoering
technisch medewerker afgeschermde operaties
linux specialist
juridisch beleidsmedewerker woonruimteverdeling
medewerker douane (hbo) schiphol
technisch adviseur industriële automatisering
wegverkeersleider velsen
continue werving tot maart 2020 - indeed cpa - maart
senior inkoper rijksvastgoed
spotify
thema-expert huisvesting - lms
procesvaardige ecoloog
communicatieadviseur informatie en ict
ervaren wetenschappelijke onderzoekers
behandelaar schenk- en erfbelasting
technisch adviseur verkeersmanagement
jurist circulaire economie en afval
taxence
procesconsultant aanleg- en onderhoudsprojecten
senior adviseur productie iv bestuursstaf
manager gebiedsontwikkeling
secretaris digital trust center
projectinspecteur/plantoetser wabo
anios interne oncologie
objectdeskundige civiele techniek
afdelingshoofd bedrijfsvoering
senior adviseur ondermijning en fraudebeleid
management assistent
interceptiespecialist (5g)
release train engineer
assistent-officier van justitie
media analist
ontslagconsulent arbeidsjuridische dienstverlening
afdelingshoofd ict advies
junior onderzoekers epidemiologie
informatiemanager
technisch adviseur kabels & leidingen
(senior) projectvoorbereider realisatie
adviseur inkoop en contractmanagement
juridisch adviseur internationale rechtshulp
medewerker control center
bouwinspecteur dienst stedelijke ontwikkeling
data analist
senior domeinmedewerker stad en bestuur
sms en compliance manager
technisch manager ingenieursbureau den haag
senior handhaver a
testengineer
adviseur assetmanagement bruggen en sluizen
medewerker douane fysiek toezicht vlissingen, rotterdam en moerdijk (vmbo/mbo)
projectinspecteur wabo vergunningen
programmamanager mobiliteit koningscorridor
senior adviseur zorgcontractering
justitieel verpleegkundigen | alphen ad rijn
senior medewerker vergunningen wabo (expert c)
werkbegeleider
clustermanager werk in opdracht - industrie
adviseur waterkwaliteitsmodellen
continue werving tot maart 2020 - google februari
functioneel beheerder analytics
administratieve allrounder (m/v) - handhavingsorganisatie
senior medewerker beheer en exploitatie markten
senior productowner inning en betalingsverkeer
senior ms sql server dba
database specialist
functioneel beheerder summ-it
assetmanager/projectleider verkeersmanagement
toezichthouder constructies ingenieursbureau den haag
privacyjurist juridische zaken
onderhoudstechnicus rioolwaterzuivering
scheepvaart operator campagne - google programmatic
senior service design lead
senior adviseur werktuigbouw en elektrotechniek
regisseur assetmanagement
senior system engineer dbms
sap consultant
senior medewerker wabo vergunningen
cloud engineer operations
senior adviseur portefeuillemanagement
inspecteur agrarisch (meststoffen)
adviseur participatie
adviseur planning en control
data analist verkeer en vervoer
coördinerend beleidsmedewerker veiligheid chemieclusters
devops engineer integratieplatform
commissielid onafhankelijke bezwaarschriftencommissie
junior beleidsmedewerker duurzame stedelijke ontwikkeling
continue werving ot maart 2020 - linkedin maart
junior functioneel beheerder
applicatiebeheerder
bestuurlijk adviseur veiligheid
specialist apa / specialist atr special internationaal
rechter in opleiding met beperkte werkervaring
adviseur tunnelveiligheid
verpleegkundige longgeneeskunde covid-19 afdeling
commercieel vastgoedbeheerder
functioneel applicatiebeheerder beveiligingssystemen
proces architect
senior functioneel beheerder
baliemedewerker instituut sociaal raadslieden (isr)
bannersetje (134019)
linux-engineer
senior system engineer infrastructuurdevelopment
data logistic developer
remote sensing technical scientist
business intelligence consultant
senior projectmanager zwerfafval rivieren
senior projectleider uitvoeringsbeleid en projecten
senior beleidsmedewerker
inhoudelijk coördinator monumenten
netwerk specialist en regisseur
toezichthouder civiel
technisch adviseur buitenruimte / projectvoorbereider civiele techniek
functioneel beheerder digitale leeromgeving (canvas)
assistent intake en service
proceseigenaar it-systemen / senior inspecteur fytosanitair
projectleider internationale waardegedreven zorg (wgz) projecten
medewerker juridisch beheer
technisch adviseur vast onderhoud
assetmanager projecten bruggen en kunstwerken
test automation engineer
testautomatiseerder douane
technisch projectmanager werktuigkundige installaties
feitenonderzoeker bureau integriteit
programmeur tapijn
applicatiemanager cad
projectmanager -dienst sociale zaken en werkgelegenheidsprojecten
functioneel beheerder financiële systemen
allround online adviseur
medewerker dienstverlening
adviseur morfologie en ecologie
data architect verkeersmanagement
ecoloog
teamleider - werk in opdracht
communicatieadviseur social media
meewerkend coördinator metadata
medior verkeerskundige bereikbaarheid
afdelingsmanager participatie
controlemedewerker grote ondernemingen
senior besturings- en elektrotechniek
managementondersteuner douane landelijk kantoor
business controller (iv ibs)
medewerker douane (hbo) rotterdam
two vacant assistant professor positions in communication science, incl. tenure-
onderwijscoördinator klinische technologie en technical medicine
teamleider klantenservice
senior advisor multi-stakeholder partnerships
jurist bestuursrecht
directiesecretaris
onderwijscoördinator geneeskunde
afdelingshoofd bedrijfsvoering & projectprogrammering
aviseur bedrijfsvoering planning & control
medior handhaver b
applicatiemanager watermanagement
adviseur digitalisering vastgoed, met als specialisme gebouwgebonden data
informatieanalist scheepvaart
analist en beheerder plantviruscollecties
functioneel beheerder belastingdienst academie
senior privacy-officer
(senior) adviseur bureau integriteit
adviseur selectie rechters en raadsheren
specialist formeel belastingrecht / boete-fraudecoördinator
ervaren adviseur verkeersmodel
strategisch adviseur europa
expert infrastructuur en services douane
milieu inspecteur
coördinerend analist - analyse en onderzoek
ontwerper openbare ruimte
senior adviseur informatievoorziening
gebiedsplanoloog / verkeerskundige
adviseur concerncontrol - sociaal domein
netwerkspecialist
edp-auditor douane eindhoven
procesbeheerder onderwijsondersteuning
functioneel beheerder klantgegevens
concern it architect
projectleider zwerfafval rivieren
medior medewerker bibliotheek hga
(beleids)adviseur inkomen
regisseur publiek belang
technisch manager waterkeringen
strategisch organisatieadviseur
senior inkoopadviseur
assetmanager verkeersregelinstallaties en openbare verlichting
managementadviseur hrm
sociaal verpleegkundige centrum seksuele gezondheid
teamleider vu analytics
assistent-officier in opleiding
nba accountant (v01201549)
vakspecialist bouw en civiel (36 uur)
voorman aanleg & boomverzorging groenbedrijf den haag
video-platform expert
controller
senior adviseur economie
adviseur ondermijning
linux specialist forensisch domein
afdelingshoofd hr advies
cloud engineer webhosting
inkoopadviseur werken
senior projectleider - huisvesting
senior test automation engineer - gegevens
senior producten en dienstenmanager
ster/nos 3933ster (202011i0004 en 202011i0005
service techneut(e) sportaccommodaties
senior adviseur subsidies & internationaal beleid
postdoc in molecular mechanisms of tumorigenesis
contractmanager beheer informatievoorziening
juridisch adviseur subsidies
afdelingshoofd wegverkeersmanagement
senior adviseur elektrotechniek rijksvastgoed
operationeel beheerder camerasystemen
tekenaar/werkvoorbereider civiele techniek
medewerker informatiebeheer
adviseur ruimtelijke kwaliteit en vormgeving
senior projectleider huisvesting
opleider/adviseur docentprofessionalisering learn! academy
it-auditmedewerker douane
cpb zoekt 5 wetenschappelijke medewerkers
adviseur/inspecteur gewasbescherming
senior adviseur procescontrol
adviseur risicomanagement
juridisch adviseur / jurist
fytopatholoog/bacterioloog
onderzoeker bestuur en financiën
senior adviseur projectsturing
financieel consulent
senior adviseur toeslagen
senior inspecteur expertise dierlijke bijproducten
consulent schuldhulpverlening
managementondersteuner douane schiphol cargo
bestuursjurist ruimte
data specialist
senior adviseur beveiliging rijksvastgoed
adviseur afvalinzameling
senior adviseur informatiemanagement bedrijfsvoering
senior jurist (intern)
senior domeinmedewerker sportbeleid
junior fiscaal medewerker schenk- en erfbelasting
specialist database hosting
coördinator strategie en beleid - huisvesting en facilitair management
hr business partner ict iv organisatie
senior data-engineer
specialistisch adviseur data science
adviseur werktuigkunde
informatieanalist huisvesting en facility management
inspecteur bouwtoezicht
teamchef - regionale facilitaire services amsterdam
sectormanager
ecoloog (s10) ingenieursbureau den haag
senior systeembeheerder apim
safety expert (junior)
service manager infrastructuur capaciteit
technisch specialist vmware (forensisch domein)
assetmanager industriële automatisering tunnels
security specialist infrastructuur
onderzoeksmedewerker dna identificatie douane laboratorium
strategisch communicatieadviseur
kwaliteitsadviseur bc&k sociaal medische zaken
adviseur horizontaal toezicht
senior adviseur assetmanagement
peilbeheerder
adviseur contractbeheersing
backend medior developer
senior office365 administrator
regisseur opdrachten en processen klant contact centrum
it risk expert
senior adviseur inkoop
senior applicatie- en informatiearchitect
projectmedewerker wegbeheer
redacteur
business controller - sociaal domein
medewerker kam
algemeen directeur stadsbeheer
medewerker schuldhulpverlening
juridisch adviseur vastgoedrecht
medewerker digitale informatievoorziening
afdelinghoofd wegverkersmanagement
managmentassistent
spotify 4011spotify (cinl004586)
wetenschappelijk medewerker moleculaire biologie
projectregisseur iv/ict
werkvoorbereider onderhoud watergangen
senior woordvoerder - communicatieadviseur
teamcoördinator ict-monitoring
gebiedsbeheerder buitensportaccommodaties
senior adviseur ruimtelijke ontwikkeling en duurzaamheid
senior dbc adviseur
adviseur verzekeringen
senior verkeerskundige/its engineer
specialist meteorologische meetinstrumenten
personal assistant general manager training organization
continue werving tot maart 2020 - jobrapido cpa - maart
value engineer
bestuurswoordvoerder
veiligheidsadviseur
afboeken restant google
senior tester
sap ontwerper
afdelingsmanager contractmanagement & projectbeheersing (cmp)
toezichthouder ondergrondse infra
senior contractmanager connectiviteit
technisch applicatie/windows beheerder
portefeuillemanager vastgoed bij de cvdh
verlenging doelgroep campagne - google - mrt 2020
senior adviseur control en advies
juridisch medewerker familierecht.
junior technisch adviseur weg -en waterbouw
functioneel beheerder crm
medewerker stellateam
communicatieadviseur leraren en schoolleiders
senior adviseur geluid
privacy en security officer (diso)
adviseur leefbaarheid en parkeren
teamleider magazijn
applicatiespecialist peoplesoft ict
jobrapido dec-20
specialist water ingenieursbureau den haag
system engineer securitydiensten
business continuity manager
wetenschappelijk medewerker leefomgeving en gezondheid
phd position on socio-economic evaluation of the impacts of chemicals on natural capital and ecosystem services
supervisor nationale helpdesk douane
milieuadviseur/medewerker vergunningen
programmamanager
adviseur wegen & verkeer
privacy-adviseur
communicatieadviseur digitale media
consulent inkomen
taxence 4219taxence (2070110917)
systeemspecialist
consulent inkomensverstrekking
archiefinspecteur
corr advies 173835
verlenging doelgroep campagne - uren - mrt 2020
teamleider douane centrale processen
wetenschappelijk medewerker plantenbacteriologie
privacyspecialist avg
medewerker backoffice dealingroom
medior functioneel tester
teamleider productieregie
aios reumatologie
vastgoedjurist
scrummaster douane
gegevensbeheerder
senior projectmanager
rijksinstituut voor volksgezondheid en milieu
it monitoring specialist
verlenging doelgroep campagne - google - jan 2020
medior facilitair medewerker
administratief medewerker rechtsbescherming
manager stafbureau
senior video-platform expert
implementatiemanager douane
gemeentelijk adviseur
cpb zoekt 8 wetenschappelijke medewerkers
programmamanager openbare ruimte
algemeen directeur van de dienst publiekszaken
programmamanager domein analytics
gedragsweterschapper
beheerder openbare verlichting en verkeersregelinstallaties
data ontwikkelaar analytics
phd-position on monitoring negative emissions from space
regelanalist
algemeen commandant brandweer
medewerker douane landelijk tactisch centrum (hbo)
projectmanager contractmanagement ingenieursbureau den haag
marketing adviseur topsport
adviseur arbeidsverhoudingen hrm
financieel controller
full stack technical lead (.net)
adviseur huisvesting
medewerker human resources
teamleider directie grote ondernemingen
senior medewerker programmagelden
beleidsmedewerker huisvesting bijzondere doelgroepen
adviseur parkeren
senior vastgoedjurist
business intelligence back-end
medewerker douane schiphol cargo (hbo)
senior procesadviseur
categoriemanager energie (rijksoverheid)
cluster manager for the research support office of the sbe graduate schools
coördinerend data integratie specialist
fiscaal rechercheur
operationeel leider technische hulpmiddelen fiod team observatie & techniek
junior specialist luchtverkeersleidingsystemen
directiesecretaresse
adviseur projectbeheersing
junior assetmanager snelwegen
rpl-beoordelaar bureau diergeneesmiddelen
treinverkeersleider utrecht
wetenschappelijk medewerker/adviseur landbouwemissies
patent examiner (technisch adviseur) werktuigbouw
behandelaar toeslagen apeldoorn
klantadviseur
financieel auditor
rechter in opleiding
beleidsadviseur p&o
adviseur technisch management
senior adviseur morfologie kust en estuaria
teamleider
chief privacy officer (interim)
teamleider energieopwekking & infra vastgoedbeheer
scheepvaart operator zuidoost-nederland
finance trainee
gedragsdeskundige groningen
informatieadviseur ruimte & economie
technisch applicatiebeheerder opsporing
lead engineer infrabedrijf
domeinmedewerker sportbeleid
adviseur topsport
functioneel beheerder analytics (schaal 9)
justitieel verpleegkundige
verkeerskundig ontwerper
inspecteur toezicht nieuwe zorgaanbieders met affiniteit voor data (m/v/x/)
adviseur planning en control douane
inspecteur strategische goederen en sanctiewetgeving
klantbegeleider financiële hulpverlening
(medior) privacy jurist
beleidsmedewerker mkb & horeca
rapportage-analist
medewerker beheer en exploitatie markten
contractmanager vastgoedprojecten
scrum master digital experience
adviseur ecologie met specialisatie vegetatie
facilitair adviseur
full stack ontwikkelaar
omgevingsanalist
corr advies 168051
programmadirecteur stedelijke ontwikkeling cid/cs-lvnoi
senior devops applicatiebeheerder vingerafdrukkensysteem
senior adviseur plantgezondheid
adviseur geografische informatie rijksvastgoed
jurist circulaire economie
junior digitaal specialist internationale rechtshulp
database administrator ibs
functioneel beheerder douane
technisch manager ipm (s11) ingenieursbureau den haag
i-adviseur
casemanager arbeidsontwikkeling
accountancy - duaal vwo hbo | social media hbo 2020
platform engineer
manager werkzoekenden dienstverlening werkbedrijf
hoofd bereikbaarheid en verkeersmanagement
senior accountmanager werken in opdracht
senior juridisch adviseur (specialist onderwijsrecht) ocw
financial controller fysiek domein
medior inkoopadviseur
projectmanager renovatie sophia
rapportage analist
hrm adviseur sociaal medische zaken
coördinator onderhoudsplanning
lead enterprise architect
senior inkoper ict-professionals
arbo adviseur
ben jij een ervaren mensgerichte auditor met kennis van beheersvraagstukken bij
manager in de digitale transitie
wetenschappelijk medewerker ammoniakdepositie
treinverkeersleider maastricht
coördinator binnensport
risicomanager
senior adviseur watersysteemanalyses
boswachter/handhaver groengebieden
operationeel business controller
junior medewerker opleidingen handhavingsorganisatie
businessanalist
hoofdmedewerker huisvesting
all round assetmanager
procesregisseur onderwijsdata
senior adviseur projectbeheersing
senior softwareontwerper douaneapplicaties
medewerker huisvesting
senior beleidsadviseur (dsb)
senior communicatieadviseur/teamleider
service manager informatievoorziening
adviseur civiele techniek
senior adviseur waterkeringen
directievoerder constructies ingenieursbureau den haag
windows & linux systeembeheerder
fiscaal juridisch medewerker als senior adviseur (0,8-1,0 fte)
integratiecoördinator iam
kwartiermaker risicomanagement
teammanager facilitair serviceteam
ict trainee belastingdienst system engineer - januari - facebook/instagram
medewerker serviceploegen
objectdeskundige elektrotechniek stormvloedkeringen
coördinerend adviseur bedrijfsvoering
complexbeveiliger justitieel complex zaanstad
fiscalist vennootschapsbelasting en transfer pricing
jurist procesvertegenwoordiging lnv-werkterrein
data-analist
medewerker datamanagement
linux specialist (forensisch domein)
manager technisch cluster
senior domeinmedewerker welzijn
senior bestuursadviseur
coordinator geohydrologie
financieel adviseur projecten
maatschappelijk werker
senior juridisch adviseur (specialist onderwijsrecht) - ocw
tester
research engineer/ict technician
operator havenbedrijf en bediencentrale
adviseur gemeentelijk bureau bibob
expert informatievoorziening zaakmanagement recht
adviseur inkomende subsidies
adviseur projectbeheersing, specialisme planningsmanagement
twitter spent dec-20
technisch beheerder (linux/netwerk) security operations
adviseur kwaliteitsborging aanleg- en onderhoud
inspecteur handhaving
data-scientist
verpleegkundig specialist (in opleiding) cardio thoracale chirurgie
planvormer ruimtelijke plannen en klimaatadaptatie
senior technisch adviseur infrastructuur mivsp
junior ontwerper
inkoper grond
regionale ketenregisseur mensenhandel
senior adviseur innovatie
functioneel beheerder sap
junior specialist osint
senior ict controller
asset manager civiele kunstwerken
twitter october 2020
opgavemanager data in uitvoering
business controller - fysiek domein
mobiel verkeersleider
(interne) communicatie adviseur (0,8 fte)
adviseur systems engineering (se)
senior politiek-bestuurlijk adviseur
junior linux devops engineer – it young talent programme
analist
privacy en security officer (diso-bsn)
specialist microsoft adex
lead software engineer (java)
senior financieel beleidscoördinator/ senior business controller
maatschappelijk werker lkha
senior adviseur ontwikkeling scheepvaart verkeersmanagement
kredietrisico beoordelaar
analist douane laboratorium
junior rioolbeheerder
db2 beheerder met kennis van cobol en z/os platform
consulent instroom
it asset manager
manager hrm
sap hr consultant
exploitatiemanager dbfmo
juridisch adviseur aanbestedingsrecht en ict-recht
calculator/werkvoorbereider cultuurtechniek groenbedrijf
senior medewerker regulering
planvormer ruimtelijke ontwikkeling
adviseur circulaire economie
medior projectleider - huisvesting
technisch contractadviseur vastgoed
administratief medewerker douane rotterdam haven (vmbo/mbo)
senior seismologist
afdelingshoofd penitentiaire inrichting lelystad
businesspartner control dienst stedelijke ontwikkeling
verlenging doelgroep campagne - uren - jan 2020
testregisseur belastingtelefoon
senior jurist omgevingsrecht
afdelingsmanager toezicht bij de ggd haaglanden
preventie-/vitaliteitsadviseur
managementondersteuner
bi-beheerder
wegverkeersleider
beleidsadviseur dienstverlening
mediar java developer
technisch specialist
projectleider huisvesting
senior business controller (it) dienstverlening
adviseur ontwikkeling & implementatie
managementassistent directiesecretariaat ocw
systeemarchitect en systeemintegrator
senior software architect productiehuis
senior landschapsarchitect / landschapsontwerper
solution- en gegevensarchitect
adviseur functioneel beheer research projectmanagement
senior security and infrastructure specialist fiod
expert financiële risico's
consulent schuldhulpverlening voor ondernemers
management assistent - bureau knaw - amsterdam
medewerker uitvoering informatiebeheer
software developer air traffic management systems
projectmanager energietransitie
.net developer senior
adviseur openbare orde en veiligheid
junior projectleider - huisvesting
ketenregisseur horizontaal toezicht
behandelaar toeslagen
teamleider laboratorium douane
product owner digital experience
(senior) adviseur fez – financieel adviseur toezicht
programmasecretaris innovatie & dienstverlening (intern)
juridisch beleidsadviseur
generalist/plaatser team specialistische operaties fiod
manager finance & reporting
business it functioneel beheerders iv uitkeren, domein ziektewet
senior system-engineer middleware
manager informatievoorziening
inspecteur precursoren
projectmanager vastgoed en huisvesting
senior adviseur informatiehuishouding (b)
(senior) contractmanager connectiviteit
behandelfunctionaris (rechtmatigheidsonderzoek)
bedrijfstechnicus (technicus van de wacht)
dialyseverpleegkundige (in opleiding)
senior informatie analist verkeersmanagement
medewerker juridische zaken
senior sap tester
hr business partner
ict-expert met gevoel voor netwerken
medewerker intake
teamhoofd hho
toezichthouder ondergrondse infrastructuur
secretaris jeugdbeschermingstafel
directiesecretaris dso
engineer adviseur elektrotechniek
fiscaal medewerker inkomensheffing
fiscalist inkomensheffing grote ondernemingen
criminaliteitsanalist voor pps-intell project
(aspirant) senior buyer
opleider hix
vastgoedadviseur
afdelingshoofd inkoop- en contractmanagement noord-nederland
portefeuillemanager onderwijshuisvesting
continue werving ot maart 2020 - linkedin februari amsterdam
functionaris gegevensbescherming
afdelingsmanager toezicht en handhaving
senior financieel beleidsadviseur sport en cultuur
senior adviseur planning en control
adviseur archeologie
senior concerncontroller
directeur durf
scientific liaison officer
junior juridisch adviseur
strategisch mobiliteitsadviseur
onderzoekondersteuner laboratorium fytosanitair
wetenschappelijk medewerker
contractmanager data- en informatievoorziening
senior beleidsmedewerker extremisme
projectleider/beleidsadviseur ict - bureau knaw - amsterdam
dbc adviseur
specialist beheer vastgoeddata
projectleider assetmanagement omgevingswet
adviseur landschap en cultuurhistorie
(lead) software developer within the ewc team
technisch specialist drinkwaterinstallaties
teamleider financiën
programmasecretaris bureau besluit risico's zware ongevallen
chemisch analist accijns douane laboratorium
adviseur ict en onderwijs
forensisch it expert fiod
regisseur interactie
senior inkoper ict‐professionals
devops engineer crisis management
medewerker beheer middelen handhavingsorganisatie
senior conserveren / restaureren
continue werving tot maart 2020 - facebook februari
technicus fijnmechanica
project manager european reference networks
assistent(e) centrum jeugd en gezin
videomaker social content
business analist data governance
intern opdrachtgever infrastructuurprojecten
system engineer ecm
senior medewerker muziekcollecties hga
gezinscoach stedelijk flexteam
staf procesbegeleider sociaal medische zaken
adviseur processen en systemen octrooiregister
senior beleidsmedewerker waterveiligheid
projectcontroller - fysiek domein
tactisch inkoper
kwaliteitsadviseur bc&k
ontwerper infrastructuur server based computing
adviseur kwaliteitszorg onderwijs
afdelingshoofd water en ruimtegebruik
programmamanager fietsparkeren
hr manager douane
beleidsadviseur/projectmanager erfpachtbedrijf
medior adviseur wmo
senior beleidsadviseur financiële strategie & instrumenten
teamhoofd exploitatie sportaccommodaties
expert wegenbouw
senior beheerder bi
managementadviseur ingenieursbureau den haag
senior beleidsmedewerker onderwijs
gebiedsmanager
locatiemanager facilitair
teamleider mobility collaboration services
gz-psycholoog
specialist participatie vergunninghouders
professor and chair of the knowledge, technology and innovation group (kti)
coördinator onderhoud
assistent projectleider
junior devops engineer
senior test automation engineer
tweakers (i0000080861)
monitor (cra) klinisch wetenschappelijk onderzoek
medewerker vergunningen (specialisatie milieu)
civiel adviseur realisatie van stalen en betonnen kunstwerken
senior adviseur vergunningen
contractmanager
assetmanager vastgoed
manager beheer waterveiligheid
heffer douane en accijns olie & gas
businessanalist douane
beleidsadviseur onderzoek
m.e.r. coördinator team milieu en gebiedsgericht werken
strategisch adviseur facilitaire dienstverlening
gegevensbeheerder bag.bgt
applicatiemanager ia stormvloedkeringen
concerncontroller risicodomein financieel economische zaken (fez)
projectmedewerker werktuigbouw bij facility services
senior technisch beheerder vastgoed
jobrapido september 2020 (202002792)
software developer
system engineer interactie
inkoopadviseur leveringen en diensten
adviseur contract- en aanbestedingsrecht
senior systeembeheerder server based computing
mbb'er radiotherapie
een inspirerend afdelingshoofd onderzoek en innovatie milieukwaliteit
afdelingsmanager burgerzaken
technisch adviseur elektrotechniek en telecommunicatie
coach handhaving & fraude
junior ontwerper groen
junior contract- en leveranciersmanager
interim – verandermanager centrale bibliotheek
projectmedewerker planvorming
chief information security officer rijksvastgoed
jurist
contractmanager handhavingsorganisatie
verbindingsambtenaar internationaal rechtshulpcentrum
senior inkoper
business security officer
financieel adviseur
testspecialist salarisadminstratie
senior beleidsadviseur zorg- en volksgezondheid
senior contract - en leveranciersmanager
senior gedragsexpert
hoofd klantbegeleiders financiële hulpverlening
front end developer (senior)
financieel specialist
secretaresse - cluster bedrijfsvoering handhavingsorganisatie
modelleur formulieren en procesafhandeling
coördinator team bestuurlijke maatregelen
technisch adviseurs staal en werktuigbouwkunde
manager proces en innovatie
manager marktinfrastructuur beleid
devops engineer artificial intelligence
senior adviseur wabo
test automation engineer dm
medewerker onderwijshuisvesting
planner huisvestingsprogramma
junior epidemiologisch onderzoeker
programmasecretaris energietransitie
projectarchitect ecm
senior communicatieadviseur
adviseur digitalisering vastgoed, met als specialisme mobiliteit
veiligheidsanalist
toezichthouder financial risk
directiesecretaris onderwijs, cultuur en welzijn
netwerkspecialist routing en switching
teammanager jeugd en maatschappelijke ondersteuning
rentmeester
coördinator bedrijfshulpverlening
beleidsadviseur waterveiligheid
release train engineer (iv/gbs)
senior contractadviseur sociaal domein
ervaren bodemspecialist ingenieursbureau den haag
junior analist
financieel beleidsmedewerker
senior adviseur fysieke beveiliging
consulent onderwijsondersteuning zieke leerlingen (ozl)
risk manager
adviseur industriële automatisering stormvloedkeringen
beleidsadviseur maatschappelijke ondersteuning
data & technology trainee programma
senior beleidsmedewerker data en modellen
manager juridische zaken
juridisch adviseur rechtsbescherming
managementassistent
organisatieadviseur
casemanager/sociaal (-psychiatrisch) verpleegkundige
privacy officer sociaal domein
senior zorg- en behandelinrichtingswerker
manager finance
casemanager(s) wmo
webanalist
senior beleidsadviseur economische gebiedsontwikkeling
communicatieadviseur met ruime ervaring op pers- en mediagebied
securityspecialist cyber threat intelligence
medewerker douane fysiek toezicht ijmuiden (vmbo/mbo)
programmasecretaris
adviseur interne beheersing
opleidingskundig adviseur digitale leermiddelen
hydroloog (s11) ingenieursbureau den haag
junior programmeur met gevoel voor informatie analyse
accounthouder gr ggd-vth
bi (data) engineers (m/v)
strategisch informatieadviseur
adviseur documentaire informatievoorziening
woordvoerder
junior/medior regressietester
contractmanager met senioriteit
wegverkeersleider wolfheze
fiscaal medewerker team internationale fiscale behandeling
inhoudelijk coördinator archeologie
senior programmamanager platform analytics
concernadviseur p&o
senior ontwerper innen op aangifte
risk manager alm
arts-promovendus: klinische studie in patiënten met een neuro-endocriene tumor n
technisch adviseur mens-machine-interface
arts seksuele gezondheid / anios infectieziektebestrijding
inspecteur cultuurtechniek openbare ruimte
ketenregisseur loonheffingen
senior verpleegkundig consulent thuisbeademing
onderzoeker ecologie
senior digitaal specialist - cyber enabled
sap basis consultant
beleidsadviseur welzijn programmateam ‘vernieuwing welzijn’
business intelligence tester
teamleider objectadministratie huurders en verhuurders
specialist beheerder
junior jurist
programmamanager mobiliteit kuststrook
senior beleidsmedewerker ethiopië en djibouti
depotleider schoon - haags veegbedrijf
adviseur verkeersmanagement
contractmanager ict
administratie en assistentie griffioen
svb webinar - tweakers - februari 2021
senior verkeerskundig ontwerper
centraal informatiemanager onderwijs & onderzoek
rechter in opleiding met ruime juridische werkervaring
beleidsadviseur algemeen cec sociaal medische zaken
senior hr adviseur
senior meetnetbeheerder
verkeersleider scheepvaart
medewerker notariële zaken
senior expert duurzaamheid gebouwde omgeving
senior assetmanager
adviseur ict rijksvastgoed
netwerk engineer
ph.d position in geomicrobiology and biogeochemistry
teammanager business analytics
bim regisseur
behandelaar toeslagen heerlen
manager operational support & development
de raad voor cultuur zoekt twee nieuwe leden
adviseur elektrotechniek
system engineer / androidspecialist
complexbeveiliger penitentiaire inrichting (pi) alphen aan den rijn
forensisch psychiater
senior adviseur industriële automatisering
telecom it-security-expert
continue werving tot maart 2020 - google januari
registeraccountant adviseur kwaliteitsborging
behandelaar toezicht en bezwaar (internationaal)
strategisch adviseur bedrijfsvoering
financieel / bedrijfseconomisch medewerkers land- en tuinbouw
twitter spent november 2020
voorzitter raad voor cultuur
redacteur - klantonderzoeker
planner ggd
communicatieadviseur
medewerker douane fysiek toezicht vlissingen (vmbo/mbo)
technical lead detection engineering
senior adviseur geluid en luchtkwaliteit
manager primair proces
specialist openbare verlichting
coördinator innovatie schuldenlab070
assistent projectleider realisatie
senior juridisch adviseur ruimte
beleidsadviseur jeugdhulp
planningsadviseur ingenieursbureau den haag
cdd analist
asset manager elektrotechniek
afdelingsmanager onderhoud technische installaties (oti)
strategisch adviseur
geo-informatie en datamanagement specialist
adviseur vervoersmobiliteit
technisch beheerder sportaccommodaties
gedragswetenschapper jeugd en maatschappelijke ontwikkeling
innovator waarneemdienstverlening
medewerker toegangsbeheer
afdelingshoofd zorg
producten en dienstenmanager
medewerker arbeid (werkmeester) pi alphen aan den rijn
junior bedrijfsadministrateur
communicatieadviseur (contentspecialist)
twitter costs aug
teamleider klantmanagement
inspecteur handhaving waterkwaliteit
afdelingshoofd sociaal domein servicebureau
master architect
continue werving ot maart 2020 - linkedin maart amsterdam
penitentiair inrichtingswerker pi vught
senior (beleids)adviseur organisatieontwikkeling/projectleider
informatieanalist
test automation engineer go
financieel coordinator
senior projectvoorbereider civiel
afdelingsmanager epidemiologie en leefomgeving
senior beleidsadviseur hoger onderwijs
business controller - gemeenschappelijke regeling ggd&vt
afdelingsmanager exploitatie
senior functioneel beheerder verificatiemodule en personenserver
manager midden- en kleinbedrijf hoorn / amsterdam
system engineer ad/adfs
behandelaar toezicht en bezwaar
scrum master
afdelingshoofd pre- en neonatale screeningen
auditmanager
manager intensief toezicht en externe overheidssamenwerking
behandelaar toeslagen den haag
adviseur verkeersregelinstallaties en openbare verlichting
scheepsinspecteur hygiëne
linux specialist crime teams
enterprise architect
operationeel beheerder
beleidsadviseur klimaatadaptatie
gezagvoerder
functioneel beheerder splunk
omgevingsmanager
fiscaal jurist juridische zaken
concernadviseur management development
inkoper internationale opdrachten
inv reshift (617337)
projectadviseur: projectbeheersing
database administrator
ervaren adviseur businesscontrol
campagne starten bij rijkswaterstaat
(senior) adviseur verantwoording onderwijs
corporate recruiter
senior inspecteur 2de-lijnstoezicht
audio specialist c2000
strategisch adviseur verbonden partijen
mycoloog / fytopatholoog
adviseur water
junior software engineer
teammanager administratie
quality assurance specialist it
senior accountmanager impact economy
medewerker douane fysiek toezicht rotterdam haven (vmbo/mbo)
applicatie- en informatiearchitect
microbiologisch analist
senior adviseur corporate public affairs
zeer ervaren specialist advance tax rulings
specialist invordering
inkoop- en contractadviseur
managementassistent domeinmanagers ipv
adviseur milieu en gezondheid
senior adviseur financial control framework
senior contractmanager
junior technisch vastgoedbeheerder
financieel adviseur douane
directievoerder civiele techniek utrecht
senior beleidsadviseur monumentenzorg en welstand
strategisch contractmanager categoriemanagement aandachtsgebied post/logistiek
afdelingshoofd verkeersmanagement services
medewerker accounting
senior adviseur portfolio & marktpositionering
wegverkeersleider helmond
adviseur automatisering
full professor in intelligent interaction
adviseur digitaal leren en ontwikkelen
senior adviseur digitale dienstverlening
assistant professor (tt) developmental toxicology / biology
projectleider onderwijsinnovatie
business consultant
senior projectleider preventieaanpak
taxateur commercieel vastgoed
adviseur milieu en ruimtelijke ordening
senior medewerker team inkomen
clustermanager schone stad haags veegbedrijf
ontwerper/businessanalist
projectleider maatschappelijke opvang
senior relatiemanager
manager projectbeheersing
jobrapido
senior business controller dienstverlening
bi- en business analist
inkoper rijksvastgoed
verwerking ict trainee belastingdienst system engineer - januari - uren
sql dba specialist infrastructure
contractmanager - senior inkoper
anios/basisarts corona
full professor in explainable artificial intelligence
senior network & security engineer
low code ontwikkelaar (betty blocks)
bestuursadviseur
back-up specialist
functioneel beheerder bussiness intelligence systemen
projectleider verkeer en smart mobility
adviseur jeugd
manager polikliniek
penitentiair inrichtingswerker jc zaanstad
adviseur vitaal veilig werken
servicemanager (cap)
adviseur projectbeheersing zuid nederland
projectmanager infrastructurele projecten
teammanager jmo -voortgezet onderwijs jeugdteam-
delivery manager datacenters
procesadviseur analytics
senior adviseur aanbestedingen bouw en renovatie
strategisch tekstschrijver ten behoeve van het college van b&w
dnb trainees
senior technisch medewerker werktuigbouwkunde
teammanager stedelijke ontwikkeling en leefbaarheid
specialist elektrotechniek
senior system engineer api management
sociaal rechercheur bijstandsfraude
concerncontroller
chemicus living lab en documentenonderzoek douane laboratorium
accountmanager bedrijven
epidemiologisch onderzoekers
operationeel specialist interceptie en sensing
afdelingshoofd district west noord-nederland
registeraccountant (internationaal)
leadcontractmanager
solution architect schenk- en erfbelasting
jobrapido spent nov-20
bedrijfsjournalist newsroom
onderzoeker/adviseur met financiële kennis
korpsarts
low code app developers (betty blocks)
ict trainee java developer
behandelaar toeslagen leeuwarden
accountmanager data & analytics
phd research position physics of thin-films for xuv optics
assistent teamleider
teammanager performance & impact agrosector
criminaliteitsanalist
functioneel beheerder regieteam
senior financieel controller (meerdere eenheden)
scientist ice sheet modelling
financieel / bedrijfseconomisch medewerker landbouw
senior system engineer ecm
verpleegkundige nucleaire therapie
business analist / procesontwerper
medewerker veilig verder team
beleidsadviseur sociaal domein
informatieanalist / businessanalist
innoverende financial
senior software engineer
verpleegkundig zorg- en behandelinrichtingswerker (zbiw) | zaanstad
senior technisch ontwerper forensisch domein
woz-taxateur
technisch ict-specialist active directory
verpleegkundige cardiac care
specialist testautomatisering
it-auditor
service designer
functioneel beheerder webtools
businesspartner control
facilitair (technisch) beheerder
functioneel beheerder politie leeromgeving
data scientist
hoofd handhaving & fraude
installatietechnicus
senior adviseur waterkwaliteit
adviseur bedrijfsvoering hr-control
adviseur netwerkkwaliteit hoofdwatersysteem
continue werving tot maart 2020 - google maart
business adviseur p&o
medewerker douane vlissingen, rotterdam en moerdijk (hbo)
vaktechnisch coördinator
testmanager
oracle database specialist
adviseur vastgoed en grondzaken
programmamanager veiligheidscluster
devops java engineer
adviseur internal audit
programmamanager mobiliteit zuidwestlandcorridor
inkoopadviseur bedrijfsvoering
medewerker terugvordering (18u)
scrummaster iv vennootschapsbelasting
secretaresse onderwijszaken
beleidsmedewerker waterkeringen
chief data-officer
senior beleidsmedewerker milieu, strategie en veiligheid
medewerker douane fysiek toezicht (vmbo/mbo) rotterdam
projectleider stikstofonderzoek
adviseur duurzame mobiliteit
medewerker douane fysiek toezicht schiphol (vmbo/mbo)
senior strategisch beleidsadviseur onderwijshuisvesting
senior zorg/behandel inrichtingswerker
adviseur kwaliteit
senior test engineer bpm
registeraccountant belastingdienst grote ondernemingen
fiscalist vennootschapsbelasting special internationaal
motion designer - vormgever
lid adviescommissie culturele projecten met expertise dans
senior java developer
functioneel applicatiebeheerder hr applicaties
senior adviseur bedrijfsvoering (iv ibs)
adviseur industriële automatisering
business analist identity en accessmanagement
lead software developer
data architect (ibs)
senior planjurist
beleidsmedewerker monitoring en wateradvies
coördinerend technisch adviseur wegenbouw
regisseur asset management
(project) communicatieadviseur
senior java developer integratie business services (ibs)
research scientist climate data services
integratiespecialist api gateway
technisch adviseur waterbouw
associate or full professor chemical biology
sql dba specialist
kwaliteitsmedewerker informatiebeheer
tekenaar ingenieursbureau den haag
implementatiemanager landelijke contracten
portfoliomanager
medewerker toezicht en bezwaar (buitenlandse belastingplicht)
adviseur ruimtelijke ontwikkeling
applicatie engineer
senior inspecteur toezicht woningcorporaties
market research manager
managementondersteuner dg toeslagen
senior planeconoom
assetmanager bruggen
junior strategy expert
financieel medewerker
strategisch adviseur maatschappelijk vastgoed
vacature senior project manager (1,0 fte)
civiel jurist fiod
service manager informatievoorziening in scheepvaartobjecten
testspecialist interceptie
projectmanager werktuigbouw bouw & huisvestingsmanagement
applicatiecoördinator / functioneel beheerder
fiscalist omzetbelasting non-profit
senior inspecteur strategische goederen en sanctiewetgevingsenior inspecteur str
coördinerend accountant jaarrekening en betalingsverkeer
inkoopadviseur informatievoorziening
adviseur bedrijfsvoering
functioneel beheerder document management systeem
beleidsadviseur huisvesting
inspecteur toezicht nieuwe zorgaanbieders (m/v/x)
financieel controller inspectie justitie en veiligheid
junior it infra specialist
administratief medewerker monsteradministratie
communicatieadviseur interne communicatie
inspecteur dierenwelzijn - diergezondheid
behandelfunctionaris (bezwaren)
senior analist cyber security
teamleider hr (formatiebeheer en functieweging)
procesmanager verkeer en watermanagement
operatieassistent
rmc coördinator / senior beleidsadviseur
senior adviseur informatiehuishouding
senior projectmanager gebiedsontwikkeling
werkbegeleider werkfit werkoffensief +500
medewerker onderhoud sportparken
iv-expert digitalisering en cybercrime
werkvoorbereider facilitaire dienst
adviseur externe betrekkingen
level 3 cyber security analist
tactisch specialist brede handhaving
beleidsondersteunend medewerker stedenbouw & planologie
teamleider afdeling expertise plantgezondheid
senior it infra specialist
coördinator planvorming
senior controller
adviseur assetmanagement rivieroevers
medior inkoper
privacy jurist met bestuurlijke kennis
senior adviseur informatiebeleid
research verpleegkundige moeder-kind-centrum
projectleider participantenregisters ontwikkelingsvragen en - stoornissen
adviseur duurzame energie
service delivery manager wegkantstations
treinverkeersleider zwijndrecht
senior adviseur bestuursstaf productie
fiscalist vennootschapsbelasting/vaktechnisch aanspreekpunt (eindhoven)
landschapsarchitect / landschapsontwerper
overspend google
medewerker (gis) datamanagement
jurist vastgoed
operationeel specialist developer interceptie en sensing
hydroloog (s10) ingenieursbureau den haag
lid namens de werkgever
senior adviseur personal grants voor onderzoek
softwareontwikkelaar netwerken (automation)
svb webinar - tweakers - maart 2021
businesspartner juridische zaken dienst stedelijke ontwikkeling
hoofd kabinet en protocol
analist lc-ms
two assistant professors in wildlife ecology and conservation (tenure track)
senior stedenbouwkundige
projectmanager onderhoudscontracten vastgoed
medewerker bodem kwaliteitsborging
senior beleidsadviseur woningmarktstrategie (corporatie)
werkvoorbereider sportparken
adviseur concerncontrol - fysiek domein
taxonoom/moleculair nematoloog
opdrachtgever/projectleider infra civiel
senior inspecteur rail
procesdeskundige middeladministratie loonheffing
adviseur omgeving waterveiligheid
clustermanager ondermijning
penitentiair inrichtingswerker pi alphen aan den rijn
service delivery manager iv scheepvaart
opleidingsdeskundige / learning and development specialist
terugstorten prorail order 12652
arts onderzoeker voor de studie 'personalized medicine in rheumatoid arthritis (
voorman wijk & buurtgroen - groenbedrijf den haag
secretaris schuldenlab070
integraal projectmanager
adviseur beheer en onderhoud nederlandse ambassades en residenties
functioneel beheerder gegevensdiensten
medior handhaver/boa
mobiele schoonmaakmedewerker (regio: zeeland)
strategisch adviseur externe communicatie/woordvoerder
financial controller dienst stedelijke ontwikkeling
adviseur financieel management grote projecten en onderhoud
behandelaar team internationale fiscale behandeling
financieel rechercheur cyber enabled
inkoopadviseur
112-centralist
intern auditor
constructeur civiele techniek
solliciteren research verpleegkundige/ verloskundige
senior data-scientist
senior beleidsadviseur woningmarktstrategie (regiolobby)
phd position on induced seismicity (m/f)
senior adviseur research and innovatie funding eu
ict portfolio programmamanager
fiscalist btw/bcf
senior adviseur werktuigbouw
gegevensspecialist
functioneel ontwerper
universitair docent ondernemingsrecht
beheerder/assetmanager wegen
strategisch beleidsadviseur netwerkmanagement
adviseur dynamisch verkeers managementsystemen
postdoc pfas restriction, essential use
business analist
senior adviseur control en compliance (audit en programmagelden)
senior business controller
medior medewerker vergunningen wabo
operationeel beheerder ict
edp-auditor douane schiphol cargo
scheepvaart operator midden-noord zeeland
technisch specialist tunnels
contractmanager projecten
onderwijsadviseur
adviseur zeegaand baggerwerk
netwerk engineer m/v
financieel controller (meerdere eenheden)
fullstack software developer java/typescript
medior communicatie adviseur participatie en verkiezingen
analist moleculaire biologie
arts (basisarts) - heerlen
senior schuldhulpverlening
adviseur digitalisering vastgoed, met als specialisme beveiliging
senior inspecteur rechtsbescherming en executie
juridisch medewerker - civiel recht
medewerker douane (mbo) rotterdam
afdelingssecretaresse
junior systeembeheerder
systeemarchitect / -integrator tunnels industriële automatisering
vaktechnisch coördinator inning
portfoliomanager keten interactie
administratief medewerker douane (vmbo/mbo) utrecht
functioneel beheerder centraal team digitale toetsing (cdt)
chef kabinet
adviseur toezicht toeslagen
junior ontwerper openbare ruimte
kanaalregisseur
projectmanager bij facility services
zorg/behandel inrichtingswerker
bestuurssecretaris douane
anesthesiemedewerker (chirurgie volwassenen)
continue werving tot maart 2020 - facebook maart
fiscalist overdrachtsbelasting/omzetbelasting
commissie toezicht arrestantenzorg
beleidsadviseur beschermd / begeleid wonen
scientist sea level rise
contract 3641 dec-19
senior beleidsadviseur bestuurlijke processen
adviseur leren & ontwikkelen
projectleider ontwikkeling en techniek
teamhoofd apv vergunningen
ketenregisseur inning & betalingsverkeer belastingdienst
officier van justitie in opleiding
coördinerend specialistisch adviseur toeslagen
expert bouwfysica
virtuele stagemarkt techniek & it
it asset coordinator
manager financiën
directievoerder civiel
senior hosting engineer paas
consulent participatie / daklozenteam
fiscalist team internationale fiscale behandeling
juridisch adviseur
toezichthouder constructies
bi informatieanalist netwerkinformatie
adviseurs/beheerders vastgoedorganisatie den haag (cvdh)
wmo casemanager daklozenloket
privacy officer
asset manager wegen
applicatieontwikkelaar cobol
beleidsadviseur maatschappelijk vastgoed
senior adviseur verkeer
senior beleidsadviseur algemeen cec sociaal medische zaken
pentester soc level 3
adviseur subsidies en contracten liaison office
wegverkeersleider utrecht
administratief medewerker douane rotterdam (vmbo/mbo)
account-en relatiemanager
economisch onderzoeker akkerbouw
communicatieadviseur sociaal domein
accountmanager toeslagen
procesoperator rwzi land van cuijk
(junior) specialist virtuele datacenters
medewerker douane landelijk tactisch centrum (vmbo/mbo)
security analyst level-1 soc
data scientist fiod
adviseur digitale dienstverlening stadsarchief
inkoop- en contractmanager
duaal leertraject hbo ict
afdelingsmanager besturing zuiveringsproces
justitieel verpleegkundigen | zaanstad
casemanager wmo
gis-medewerker
coördinator contract- en leveranciersmanagement en verwerving lms
network & security engineer
scheepvaart operator west
werktuigbouwkundige gemaal en spuisluis
testmanager - inning en betalingsverkeer
specialist ondergrondse infrastructuur ingenieursbureau den haag
projectleider planprodukten
coördinator handhaving
businessanalist/product-owner
forensisch software-engineer
analist - analyse en onderzoek
scrummaster (iv/gbs)
beleidsmedewerker impact economy
adviseur bodemkwaliteit en duurzaam bodembeheer
projectadministrateur
senior adviseur elektrotechniek rijksvastgoed (den haag)
system engineer websphere application server
procesmanager regio utrecht u10
strategisch interceptiespecialist (5g)
duurzaamheidsmakelaar corporatiebezit
juridisch specialist/procesvertegenwoordiger beroepsprocedures
senior integratiespecialist middleware axway
adviseur ruimtelijke plannen
junior maintenance specialist luchtverkeersleidingssystemen
systeem beheerder forensisch it platform
secretaris - staf korpsleiding
diagnostisch expert mycologie
senior adviseur duurzame energie
inspecteur windenergie op zee (m/v)
operational risk manager (it-risico's)
projectmedewerker b: toezichthouder/directievoerder
coördinator assetmanagement
adviseur ecologie
teamleider planning & control douane
technicus facilitaire dienst
twee beleidsadviseurs inkomen met een juridische ‘touch’
inspecteur fytosanitair west
technisch manager
senior veiligheidsanalist
bedrijfsvoerder energievoorziening
strategisch accountmanager
adviseur handhaving leefbaarheid en parkeren
scheepvaart operator zuidwest-nederland
projectleider / senior-onderzoeker rekenkamer utrecht
senior medewerker ict serviceplein
leden klachtencommissie
projectleider kleine technische aanpassingen
system engineer dbms deployment
junior projectleider huisvesting
tandarts docent
teamleider hrm douane
technisch adviseur buitenruimte/projectvoorbereider cultuurtechniek
productmanager
medior technisch vastgoedbeheerder
informatiemedewerker stadsarchief
ict-beheerder storage
senior adviseur bureau directeursondersteuning en bedrijfsvoering
systeem en netwerkontwikkelaar fiod
solution architect
accountmanager arbeidsbemiddeling westland
verlenging doelgroep campagne - google - feb 2020
senior adviseur handhavingsbeleid
medewerker toezicht en bezwaar
gedragswetenschapper cjg laak
junior test engineer
applicatiemanager voor topdesk
senior projectmanager binckhorst / scheveningen
depotbeheerder
juridisch adviseur vastgoed
ketencoördinator ketenbureau toeslagen
technisch adviseur elektrotechniek
junior database administrator (dba)
senior adviseur onderwijs
devops engineer applicatiebeheer
senior adviseur interne communicatie
managementondersteuner ingenieursbureau den haag
manager
teamleider toeslagen intensief toezicht
adviseur grondzaken/ dealmaker ontwikkeling en realisatie
integratie specialist ecm
senior medewerker financiële administratie
data-steward
senior test automation engineer - kantoor
tester douane
risk manager kredietrisico
data steward pedagogische en onderwijswetenschappen
communicatieadviseur nederlandse werving
beleidsadviseur monumentenzorg
transitiemanager verkeerscentrale
lid van de rekenkamer den haag (nevenfunctie)
system engineer infrastructure
adviseur financiën & control
generalist intelligence - real time intelligence center
juristen met een brede maatschappelijke blik
manager p&o
senior recruitmentadviseur
stadsdeelmanager jeugd en maatschappelijke ondersteuning
professor and chair of geo-information science (gis)
phd candidate in the field of cancer screening
leerling medewerker beheer en onderhoud
jurist kiesraad
senior domeinmedewerker sportstimulering
senior applicatie ontwikkelaar ict gegevensdiensten
fiscalist vennootschapsbelasting/vaktechnisch aanspreekpunt
nautisch operator scheepvaartverkeer
stafjurist civiel 2e aanleg
jeugdarts
junior directievoerder/ contractmanager technische projecten
jeugdverpleegkundigen
senior contractmanager dynamisch verkeersmanagement
medior projectleider huisvesting
toezichthouder rechtmatigheid jeugd en wmo
hoofd bijstand en rechtmatigheid
junior gebiedsplanoloog mobiliteit
consulent krediet en advies
projectvoorbereider stedelijk water en riolering
veiligheidscoördinator district
data custodian
senior adviseur scheepvaart en klimaat
contractmanager (betreft een tijdelijke functie voor 2 jaar)
adviseur interne beheersing en planning & control
gedragswetenschapper huisartsopleiding
medisch coördinator arts m&g infectieziektebestrijding
projectinspecteur / plantoetser wabo
verpleegkundig zorg- en behandelinrichtingswerker (zbiw) | alphen ad rijn
contractadviseur
senior technisch specialist
senior contract- en leveranciersmanager
bestuurlijk beleidsondersteunend medewerker
manager jeugd en maatschappelijke ondersteuning
verpleegkundig specialist afdeling kort verblijf cardiologie
beleidsmedewerker toetsing
projectleider regionale opdrachten
adviseur digitalisering vastgoed met specialisme duurzaamheid
senior vakspecialist wegbeheer stadsdeel laak
senior adviseur natuur
senior beleidsmedewerker plantgezondheid
data engineer
adviseur procesautomatisering (pa)
medewerker dienstverlening (buitenlandse belastingplicht)
business controller
consulent handhaving & fraude
adviseur wonen
adviseur preventie en vitaliteit
banner creatie traineeshipplaza - prorail young talent
